musical_genre,cohort_decade,n_artisti,n_noti,n_donne,quota_donne,ci_lo,ci_hi,rapporto_uomini_donne
Blues,1940,1,1.0,0.0,0.0,0.0,0.7934567085261071,
Blues,1950,7,1.0,0.0,0.0,0.0,0.7934567085261071,
Blues,1960,19,14.0,1.0,0.07142857142857142,0.012721886112291636,0.3146926955395781,13.0
Blues,1970,65,58.0,9.0,0.15517241379310345,0.08384397416750201,0.26934223058787304,5.444444444444445
Blues,1980,118,105.0,15.0,0.14285714285714285,0.08852402661833804,0.22240120785083545,6.0
Blues,1990,143,115.0,15.0,0.13043478260869565,0.0806631332262491,0.20409910491258446,6.666666666666667
Blues,2000,148,124.0,21.0,0.1693548387096774,0.11351887518815744,0.24506236910165113,4.904761904761905
Blues,2010,157,118.0,22.0,0.1864406779661017,0.12646899188610022,0.2661850770033431,4.363636363636363
Blues,2020,23,17.0,4.0,0.23529411764705882,0.0955488907167594,0.47262245889171595,3.25
Brass & Military,1940,24,13.0,0.0,0.0,0.0,0.22810184305529166,
Brass & Military,1950,10,6.0,0.0,0.0,0.0,0.3903430336530645,
Brass & Military,1960,39,18.0,2.0,0.1111111111111111,0.031018868453582787,0.3280024486660421,8.0
Brass & Military,1970,15,6.0,0.0,0.0,0.0,0.3903430336530645,
Brass & Military,1980,9,5.0,0.0,0.0,0.0,0.43449149475208104,
Brass & Military,1990,12,9.0,0.0,0.0,0.0,0.2991527535509594,
Brass & Military,2000,2,2.0,0.0,0.0,0.0,0.6576280471103807,
Brass & Military,2010,3,1.0,0.0,0.0,0.0,0.7934567085261071,
Children's,1940,33,23.0,10.0,0.43478260869565216,0.25634368332198654,0.6318895069498304,1.3
Children's,1950,83,72.0,24.0,0.3333333333333333,0.2353448606571184,0.4482061192800137,2.0
Children's,1960,219,173.0,66.0,0.3815028901734104,0.31243596740848334,0.45571813207942,1.621212121212121
Children's,1970,185,137.0,70.0,0.5109489051094891,0.42809223799497464,0.5932082868499576,0.9571428571428572
Children's,1980,96,54.0,24.0,0.4444444444444444,0.3200225687559781,0.5762458608863554,1.25
Children's,1990,60,45.0,16.0,0.35555555555555557,0.23218891356904048,0.5016445398804781,1.8125
Children's,2000,30,24.0,7.0,0.2916666666666667,0.14914460334164278,0.49168063658709704,2.4285714285714284
Children's,2010,16,9.0,2.0,0.2222222222222222,0.06322376231222723,0.5474166563271946,3.5
Children's,2020,1,1.0,0.0,0.0,0.0,0.7934567085261071,
Classical,1940,158,127.0,34.0,0.2677165354330709,0.19836232021253514,0.3507107574630665,2.735294117647059
Classical,1950,247,195.0,40.0,0.20512820512820512,0.1544107700961666,0.26723942785033955,3.875
Classical,1960,445,355.0,63.0,0.17746478873239438,0.14123617326362115,0.22059924381176815,4.634920634920635
Classical,1970,516,427.0,96.0,0.22482435597189696,0.18778145945635932,0.26677446086331263,3.4479166666666665
Classical,1980,816,714.0,159.0,0.22268907563025211,0.19370090073391805,0.2546453639573454,3.490566037735849
Classical,1990,944,793.0,211.0,0.266078184110971,0.2365020850390961,0.2979097729763489,2.758293838862559
Classical,2000,446,379.0,111.0,0.2928759894459103,0.2493205151058687,0.34058820954683366,2.4144144144144146
Classical,2010,223,187.0,62.0,0.3315508021390374,0.2680629642261224,0.4018203316590514,2.0161290322580645
Classical,2020,30,23.0,7.0,0.30434782608695654,0.15603828020972454,0.5086612906057261,2.2857142857142856
Electronic,1940,50,25.0,4.0,0.16,0.06403347608577989,0.34654013980238163,5.25
Electronic,1950,43,31.0,3.0,0.0967741935483871,0.03346403609464399,0.2490028999817704,9.333333333333334
Electronic,1960,198,152.0,14.0,0.09210526315789473,0.05565814076397554,0.14866214342201842,9.857142857142858
Electronic,1970,862,652.0,82.0,0.12576687116564417,0.10248668511747891,0.15343120725165413,6.951219512195122
Electronic,1980,4107,3094.0,437.0,0.14124111182934712,0.1294136413113293,0.15395836841311886,6.080091533180778
Electronic,1990,8127,5234.0,703.0,0.13431410011463507,0.12534375276637919,0.1438208588553239,6.445234708392603
Electronic,2000,5993,3952.0,415.0,0.10501012145748988,0.09583253408923653,0.11495487458759221,8.522891566265061
Electronic,2010,3675,2231.0,294.0,0.13177947108919766,0.11837416000631153,0.14645069379988215,6.58843537414966
Electronic,2020,852,417.0,90.0,0.2158273381294964,0.1790301419634006,0.2578126036206861,3.6333333333333333
"Folk, World, & Country",1940,315,209.0,22.0,0.10526315789473684,0.0705467222127186,0.1542288855632049,8.5
"Folk, World, & Country",1950,309,204.0,23.0,0.11274509803921569,0.07631172789646845,0.1634939702890728,7.869565217391305
"Folk, World, & Country",1960,962,652.0,87.0,0.1334355828220859,0.10946918863151496,0.16169628791038174,6.494252873563219
"Folk, World, & Country",1970,1119,886.0,117.0,0.13205417607223477,0.11134154495460875,0.1559437786355673,6.572649572649572
"Folk, World, & Country",1980,771,664.0,56.0,0.08433734939759036,0.06551673032849742,0.10793996958357752,10.857142857142858
"Folk, World, & Country",1990,784,625.0,74.0,0.1184,0.09537174636932655,0.14609065052044667,7.445945945945946
"Folk, World, & Country",2000,621,508.0,91.0,0.17913385826771652,0.14823388260972506,0.21485032156594172,4.582417582417582
"Folk, World, & Country",2010,393,316.0,69.0,0.21835443037974683,0.17633438634635373,0.26714013354099053,3.579710144927536
"Folk, World, & Country",2020,64,51.0,19.0,0.37254901960784315,0.2532032972099011,0.5097503729966575,1.6842105263157894
Funk / Soul,1940,4,1.0,0.0,0.0,0.0,0.7934567085261071,
Funk / Soul,1950,3,2.0,0.0,0.0,0.0,0.6576280471103807,
Funk / Soul,1960,105,57.0,5.0,0.08771929824561403,0.038051110766638294,0.18945112454604246,10.4
Funk / Soul,1970,350,195.0,27.0,0.13846153846153847,0.09693396873249918,0.1939588826627823,6.222222222222222
Funk / Soul,1980,181,124.0,20.0,0.16129032258064516,0.10690383789562934,0.23603304649880874,5.2
Funk / Soul,1990,116,94.0,14.0,0.14893617021276595,0.09083965063643759,0.23460065287454338,5.714285714285714
Funk / Soul,2000,157,124.0,12.0,0.0967741935483871,0.056227651260841546,0.1615543539706324,9.333333333333334
Funk / Soul,2010,216,159.0,33.0,0.20754716981132076,0.15177548839413274,0.2771173743632954,3.8181818181818183
Funk / Soul,2020,65,43.0,11.0,0.2558139534883721,0.14929365877065542,0.40238689868254857,2.909090909090909
Hip Hop,1950,2,1.0,0.0,0.0,0.0,0.7934567085261071,
Hip Hop,1960,8,5.0,0.0,0.0,0.0,0.43449149475208104,
Hip Hop,1970,8,3.0,0.0,0.0,0.0,0.5615060804490177,
Hip Hop,1980,42,29.0,3.0,0.10344827586206896,0.035814240381301043,0.26385447247069155,8.666666666666666
Hip Hop,1990,545,368.0,25.0,0.06793478260869565,0.046435163521671596,0.0983619759054393,13.72
Hip Hop,2000,573,360.0,28.0,0.07777777777777778,0.05435723069908242,0.11011434154554271,11.857142857142858
Hip Hop,2010,585,348.0,28.0,0.08045977011494253,0.056251598101869124,0.11382948383954995,11.428571428571429
Hip Hop,2020,211,108.0,20.0,0.18518518518518517,0.12319860172367544,0.2687986515345039,4.4
Jazz,1940,60,38.0,2.0,0.05263157894736842,0.014553902448536798,0.17285766881068843,18.0
Jazz,1950,235,181.0,8.0,0.04419889502762431,0.022563518157913128,0.08478028323744374,21.625
Jazz,1960,347,248.0,18.0,0.07258064516129033,0.04640038031630926,0.11180064763141663,12.777777777777779
Jazz,1970,625,509.0,50.0,0.09823182711198428,0.0753066494404813,0.1271761444670332,9.18
Jazz,1980,689,579.0,63.0,0.10880829015544041,0.08597437002943045,0.1367990215747378,8.19047619047619
Jazz,1990,652,586.0,80.0,0.13651877133105803,0.1110767837705955,0.1666954181222517,6.325
Jazz,2000,541,462.0,74.0,0.16017316017316016,0.129551556727322,0.196399582028856,5.243243243243243
Jazz,2010,373,322.0,54.0,0.16770186335403728,0.13086493432718485,0.2123742346432597,4.962962962962963
Jazz,2020,85,67.0,18.0,0.26865671641791045,0.1772206517897013,0.3851833594127559,2.7222222222222223
Latin,1940,32,11.0,6.0,0.5454545454545454,0.28008775568998817,0.7872904245601196,0.8333333333333334
Latin,1950,69,28.0,2.0,0.07142857142857142,0.019811647447770794,0.2264573842591786,13.0
Latin,1960,83,37.0,5.0,0.13513513513513514,0.059132072625076235,0.2797772747070557,6.4
Latin,1970,33,20.0,1.0,0.05,0.008881219432873136,0.23613589351256675,19.0
Latin,1980,49,28.0,2.0,0.07142857142857142,0.019811647447770794,0.2264573842591786,13.0
Latin,1990,83,50.0,10.0,0.2,0.11243629945973886,0.3303737210448524,4.0
Latin,2000,55,37.0,11.0,0.2972972972972973,0.17489302346408198,0.45783439172043583,2.3636363636363638
Latin,2010,17,9.0,1.0,0.1111111111111111,0.019890371327130535,0.4350062147680601,8.0
Latin,2020,9,4.0,2.0,0.5,0.15003570882017148,0.8499642911798285,1.0
Non-Music,1940,31,20.0,4.0,0.2,0.0806563532712,0.41602172202575993,4.0
Non-Music,1950,137,132.0,24.0,0.18181818181818182,0.12533423590114978,0.2562984892728764,4.5
Non-Music,1960,183,171.0,30.0,0.17543859649122806,0.12574284572144823,0.23939680067849317,4.7
Non-Music,1970,58,56.0,13.0,0.23214285714285715,0.1409924724565329,0.35768403351924316,3.3076923076923075
Non-Music,1980,14,12.0,4.0,0.3333333333333333,0.13811783989736134,0.609382412602386,2.0
Non-Music,1990,36,26.0,4.0,0.15384615384615385,0.06149933998929477,0.33531584418313565,5.5
Non-Music,2000,14,7.0,0.0,0.0,0.0,0.35433884297520657,
Non-Music,2010,10,5.0,1.0,0.2,0.03622316096978745,0.6244717358814613,4.0
Non-Music,2020,5,4.0,0.0,0.0,0.0,0.48990002040399916,
Pop,1940,336,259.0,25.0,0.09652509652509653,0.06623683512174897,0.13860745132301472,9.36
Pop,1950,719,491.0,74.0,0.15071283095723015,0.1217851945825887,0.18506370413570827,5.635135135135135
Pop,1960,1895,1379.0,256.0,0.18564176939811458,0.16600300517181568,0.20702713797690073,4.38671875
Pop,1970,1709,1436.0,222.0,0.15459610027855153,0.1368212481698152,0.17421407682704557,5.468468468468468
Pop,1980,1644,1447.0,228.0,0.1575673807878369,0.13970452618813825,0.1772436506493608,5.3464912280701755
Pop,1990,1782,1551.0,296.0,0.19084461637653127,0.17206052927459545,0.2111563849113898,4.239864864864865
Pop,2000,1345,1151.0,271.0,0.23544743701129453,0.21184100546548087,0.2608139456550885,3.2472324723247232
Pop,2010,780,683.0,152.0,0.2225475841874085,0.19295244250077787,0.25524638529299587,3.4934210526315788
Pop,2020,122,102.0,28.0,0.27450980392156865,0.1972808329068501,0.36810744542605506,2.642857142857143
Reggae,1940,1,0.0,0.0,,,,
Reggae,1960,1,1.0,0.0,0.0,0.0,0.7934567085261071,
Reggae,1970,2,1.0,0.0,0.0,0.0,0.7934567085261071,
Reggae,1980,48,37.0,3.0,0.08108108108108109,0.027960066396321384,0.2130099249850153,11.333333333333334
Reggae,1990,123,82.0,2.0,0.024390243902439025,0.00671422956512354,0.08463541909007394,40.0
Reggae,2000,109,70.0,9.0,0.12857142857142856,0.06914021991242263,0.22664968713184502,6.777777777777778
Reggae,2010,91,54.0,5.0,0.09259259259259259,0.040200542070567336,0.1991012753065453,9.8
Reggae,2020,13,7.0,1.0,0.14285714285714285,0.02567895594897479,0.51313450331903,6.0
Rock,1940,20,12.0,0.0,0.0,0.0,0.2425007574992425,
Rock,1950,61,39.0,2.0,0.05128205128205128,0.014177657646399527,0.1688593904563791,18.5
Rock,1960,429,315.0,17.0,0.05396825396825397,0.033964555741119416,0.08472008264985592,17.529411764705884
Rock,1970,1355,1142.0,68.0,0.0595446584938704,0.047239996040696855,0.07480270165853138,15.794117647058824
Rock,1980,2593,2047.0,119.0,0.05813385442110405,0.04880035548144334,0.0691227449666849,16.201680672268907
Rock,1990,4332,3263.0,251.0,0.07692307692307693,0.06826930439746091,0.0865718730872387,12.0
Rock,2000,4992,3393.0,338.0,0.09961685823754789,0.08998788983795952,0.11015143959088403,9.038461538461538
Rock,2010,4900,3243.0,389.0,0.11995066296638915,0.10921544264684917,0.13158521729295203,7.336760925449871
Rock,2020,1360,760.0,159.0,0.20921052631578949,0.1817905442006306,0.23955545214206667,3.779874213836478
Stage & Screen,1940,14,11.0,2.0,0.18181818181818182,0.05136660067100063,0.4769861375782448,4.5
Stage & Screen,1950,47,39.0,7.0,0.1794871794871795,0.08977151811469994,0.3266835162444276,4.571428571428571
Stage & Screen,1960,185,156.0,21.0,0.1346153846153846,0.08976012076172954,0.19703380522499728,6.428571428571429
Stage & Screen,1970,153,117.0,28.0,0.23931623931623933,0.17107945919158846,0.3241274894088936,3.1785714285714284
Stage & Screen,1980,72,64.0,18.0,0.28125,0.18593226105484584,0.40134162399503504,2.5555555555555554
Stage & Screen,1990,76,67.0,14.0,0.208955223880597,0.12875568729828915,0.32072032679512485,3.7857142857142856
Stage & Screen,2000,75,64.0,10.0,0.15625,0.08714748876961673,0.26428290202305327,5.4
Stage & Screen,2010,49,41.0,9.0,0.21951219512195122,0.12003040155386346,0.36705302098235293,3.5555555555555554
Stage & Screen,2020,11,8.0,0.0,0.0,0.0,0.3244156195108769,
Unknown,1940,958,559.0,98.0,0.17531305903398928,0.1460377137672692,0.209020618808006,4.704081632653061
Unknown,1950,247,135.0,37.0,0.2740740740740741,0.20586703399126582,0.3547833762604168,2.6486486486486487
Unknown,1960,1018,617.0,150.0,0.24311183144246354,0.21092089828920174,0.2784818736899956,3.1133333333333333
Unknown,1970,1243,886.0,155.0,0.17494356659142213,0.1513448359606246,0.20134894684296656,4.716129032258064
Unknown,1980,2302,1812.0,194.0,0.10706401766004416,0.0936494206488068,0.12214120778486276,8.34020618556701
Unknown,1990,4200,2981.0,322.0,0.10801744381080175,0.09737473989167551,0.11966913942171918,8.25776397515528
Unknown,2000,6522,4225.0,510.0,0.12071005917159763,0.11122921442157757,0.13088001946412764,7.284313725490196
Unknown,2010,7502,4550.0,601.0,0.1320879120879121,0.12255924162720176,0.14223732046665766,6.570715474209651
Unknown,2020,2481,1153.0,208.0,0.18039895923677363,0.1592765285030879,0.20364403037031356,4.543269230769231
