estimate,se,mcmc_se,p,Pr(>|z|),term,model,ci_lo,ci_hi,or,rete
-9.61040438021525,0.0947200102231785,0,-101.461183941717,0.0,edges,M0_senza_gwesp,-9.79605218886794,-9.42475657156255,6.70277141403022e-05,genere_Electronic
0.650060104313249,0.101600221536856,0,6.39821542197559,1.57203397672994e-10,nodematch.gender.F,M0_senza_gwesp,0.450927329279721,0.849192879346778,1.91565596473997,genere_Electronic
0.154799613448624,0.0342924875201469,0,4.51409695367474,6.35871245105561e-06,nodematch.gender.M,M0_senza_gwesp,0.0875875729688471,0.222011653928401,1.16742400159507,genere_Electronic
1.79953404634492,0.200181165944328,0,8.98952725075738,2.4829612623239903e-19,nodematch.gender.mixed,M0_senza_gwesp,1.4071861707108,2.19188192197904,6.04682926569094,genere_Electronic
0.458704832204546,0.0096366935361327,0,47.5998152773703,0.0,nodecov.log_nrel,M0_senza_gwesp,0.439817259943676,0.477592404465416,1.58202367142017,genere_Electronic
0.936355426071034,0.0285931920614739,0,32.7474954198159,3.29603607405417e-235,nodematch.cohort_decade,M0_senza_gwesp,0.880313799427508,0.992397052714559,2.55066835817023,genere_Electronic
-8.37124312789106,0.0990041954008388,1,-84.5544281633558,0.0,edges,M1_con_gwesp,-8.56528778519507,-8.17719847058705,0.000231427680639,genere_Electronic
0.477116310480111,0.0888726691364968,1,5.36853810193685,7.93774230014044e-08,nodematch.gender.F,M1_con_gwesp,0.302929079762633,0.651303541197589,1.6114208582886,genere_Electronic
0.0977641263422404,0.0244074701332483,1,4.0055001935274,6.18863831672744e-05,nodematch.gender.M,M1_con_gwesp,0.0499263639273367,0.145601888757144,1.10270265592203,genere_Electronic
1.50360113646654,0.151003920570551,3,9.95736488685427,2.34187583679608e-23,nodematch.gender.mixed,M1_con_gwesp,1.20763889062391,1.79956338230917,4.49785733887892,genere_Electronic
0.127040179508714,0.008060426189777,1,15.7609754766862,5.7734913882113695e-56,nodecov.log_nrel,M1_con_gwesp,0.111242034476708,0.142838324540721,1.13546263919596,genere_Electronic
0.502730051707189,0.0331658331634573,0,15.1580709349134,6.700869269052571e-52,nodematch.cohort_decade,M1_con_gwesp,0.437726213189549,0.56773389022483,1.65322851472506,genere_Electronic
2.32158903461075,0.0626592207514567,0,37.0510358534387,1.7282065632883798e-300,gwesp.fixed.0.25,M1_con_gwesp,2.19877921863855,2.44439885058295,10.1918566584874,genere_Electronic
-7.54274802131089,0.108579205025144,1,-69.4677035033017,0.0,edges,M2_nodemix_gwesp,-7.75555935263017,-7.32993668999162,0.000529939334429,genere_Electronic
-0.836106105932994,0.0598273765098049,1,-13.9753095440507,2.20552593692346e-44,mix.gender.F.M,M2_nodemix_gwesp,-0.953365609181729,-0.718846602684259,0.433394835613349,genere_Electronic
-0.661850392180011,0.0617926013128224,1,-10.7108355712268,9.05408896261496e-27,mix.gender.M.M,M2_nodemix_gwesp,-0.782961665264186,-0.540739119095837,0.515895841115493,genere_Electronic
-0.331373376271274,0.147762867643133,1,-2.24260249923942,0.0249224589446437,mix.gender.F.mixed,M2_nodemix_gwesp,-0.620983275104173,-0.0417634774383746,0.717937058328748,genere_Electronic
-0.755949889979957,0.0810614856984945,1,-9.32563576236053,1.10320195263425e-20,mix.gender.M.mixed,M2_nodemix_gwesp,-0.914827482482315,-0.597072297477599,0.469564368333176,genere_Electronic
0.599081324023463,0.192677214403147,2,3.10924841777076,0.0018756394425352,mix.gender.mixed.mixed,M2_nodemix_gwesp,0.221440923151793,0.976721724895134,1.82044563228954,genere_Electronic
0.128190222268934,0.0084406290701204,1,15.187282986137,4.29350454880082e-52,nodecov.log_nrel,M2_nodemix_gwesp,0.111646893284636,0.144733551253232,1.13676922095211,genere_Electronic
0.560993187253851,0.0259458879763049,1,21.6216607335304,1.12360630659203e-103,nodematch.cohort_decade,M2_nodemix_gwesp,0.510140181273382,0.611846193234319,1.75241210964498,genere_Electronic
2.18155317679299,0.070313072422338,0,31.0262814813356,2.3838604659326403e-211,gwesp.fixed.0.25,M2_nodemix_gwesp,2.04374208720285,2.31936426638313,8.86005681206153,genere_Electronic
-9.32912182726245,0.0767638402616091,0,-121.530160495737,0.0,edges,M0_senza_gwesp,-9.47957618949019,-9.17866746503471,8.88001847666808e-05,genere_Rock
0.833677260494858,0.254819312255374,0,3.2716408074258,0.0010692532853273,nodematch.gender.F,M0_senza_gwesp,0.334240585909059,1.33311393508066,2.30176739510181,genere_Rock
-0.100028665219975,0.0401772247372223,0,-2.48968578278386,0.0127856076276801,nodematch.gender.M,M0_senza_gwesp,-0.178774578703702,-0.0212827517362471,0.904811481044077,genere_Rock
1.24125359260802,0.211298179615874,0,5.8744168779141,4.24334325384061e-09,nodematch.gender.mixed,M0_senza_gwesp,0.827116770562027,1.655390414654,3.45994811263187,genere_Rock
0.458908246061539,0.0079819061093755,0,57.4935660446453,0.0,nodecov.log_nrel,M0_senza_gwesp,0.443263997559183,0.474552494563895,1.5823455096891,genere_Rock
1.33063589801069,0.0285796381919144,0,46.5588783551202,0.0,nodematch.cohort_decade,M0_senza_gwesp,1.27462083646335,1.38665095955803,3.78344851016256,genere_Rock
-10.3650699676738,0.109985442899855,1,-94.2403803120701,0.0,edges,M1_con_gwesp,-10.5806374745812,-10.1495024607664,3.15142741336199e-05,genere_Rock
0.731150766318631,0.184232233052493,1,3.96863650949888,7.22850445281022e-05,nodematch.gender.F,M1_con_gwesp,0.370062224744355,1.09223930789291,2.07746991504943,genere_Rock
-0.0755960071986921,0.0240096338586634,1,-3.14856976344163,0.0016407155560587,nodematch.gender.M,M1_con_gwesp,-0.122654024843666,-0.0285379895537183,0.927190709278075,genere_Rock
-0.523394955930607,0.361479731467126,1,-1.44792338371593,0.147638479090874,nodematch.gender.mixed,M1_con_gwesp,-1.23188221074738,0.185092298886169,0.592505599176486,genere_Rock
0.0913331392062594,0.00463279512095,2,19.7144783703556,1.61977626863767e-86,nodecov.log_nrel,M1_con_gwesp,0.0822530276214443,0.100413250791074,1.09563394308969,genere_Rock
0.795638699459729,0.0219921680662919,1,36.178274786797,1.33715016821441e-286,nodematch.cohort_decade,M1_con_gwesp,0.752534842107845,0.838742556811613,2.21585581084472,genere_Rock
4.45000600476553,0.0732881365763672,0,60.7193225622344,0.0,gwesp.fixed.0.25,M1_con_gwesp,4.3063638965818,4.59364811294927,85.6274581734664,genere_Rock
-9.8962093619446,0.333466386961411,0,-29.6767822751797,1.53101551717379e-193,edges,M2_nodemix_gwesp,-10.5497914704437,-9.24262725344554,5.03652370497276e-05,genere_Rock
-0.373512835125492,0.334903417646924,0,-1.11528522984281,0.264728212756704,mix.gender.F.M,M2_nodemix_gwesp,-1.02991147201284,0.282885801761854,0.688312151666801,genere_Rock
-0.583991846246354,0.346219866332533,0,-1.68676584747291,0.0916483849048685,mix.gender.M.M,M2_nodemix_gwesp,-1.26257031499039,0.0945866224976826,0.557667793387057,genere_Rock
-0.952323653365246,0.32832292270189,1,-2.90057010192351,0.0037248451082215,mix.gender.F.mixed,M2_nodemix_gwesp,-1.59582475715988,-0.308822549570614,0.385843414643616,genere_Rock
-0.56310604775592,0.333930996466694,0,-1.68629463486204,0.0917390639170872,mix.gender.M.mixed,M2_nodemix_gwesp,-1.21759877415221,0.0913866786403729,0.569437613746371,genere_Rock
-1.75339937210876,0.454842352914894,1,-3.85496064927103,0.0001157482455438,mix.gender.mixed.mixed,M2_nodemix_gwesp,-2.64487400246541,-0.861924741752115,0.173184224059561,genere_Rock
0.105445572056712,0.0051171759569536,1,20.6062040750083,2.4143995813969996e-94,nodecov.log_nrel,M2_nodemix_gwesp,0.0954160914785285,0.115475052634895,1.11120562224032,genere_Rock
0.746681517173479,0.0250755537959192,1,29.7772692579573,7.69483705691019e-195,nodematch.cohort_decade,M2_nodemix_gwesp,0.697534334841081,0.795828699505878,2.10998643208004,genere_Rock
4.39745911394808,0.0703554090320165,1,62.5034972356843,0.0,gwesp.fixed.0.25,M2_nodemix_gwesp,4.25956504612775,4.53535318176842,81.2441739938676,genere_Rock
-10.0389874059195,0.112505771238944,0,-89.2308660735131,0.0,edges,M0_senza_gwesp,-10.2594946656008,-9.81848014623831,4.36639645482848e-05,genere_Pop
0.21452175306996,0.0961858249557084,0,2.23028448494092,0.0257285625258509,nodematch.gender.F,M0_senza_gwesp,0.0260010003334971,0.403042505806422,1.23926907858825,genere_Pop
0.0900097460158373,0.0333139136907234,0,2.70186645890547,0.0068951449892936,nodematch.gender.M,M0_senza_gwesp,0.0247156749979437,0.155303817033731,1.09418494759707,genere_Pop
1.31446823697153,1.02590169807747,0,1.2812808863021,0.20009502399039,nodematch.gender.mixed,M0_senza_gwesp,-0.696262142938799,3.32519861688186,3.72277082692117,genere_Pop
0.502496642034968,0.0107931532666454,0,46.5569819700287,0.0,nodecov.log_nrel,M0_senza_gwesp,0.481342450352722,0.523650833717213,1.65284268022984,genere_Pop
1.21471574973446,0.0286364451528269,0,42.4185244799683,0.0,nodematch.cohort_decade,M0_senza_gwesp,1.15858934858966,1.27084215087926,3.36933619348284,genere_Pop
-8.32284961355872,0.0805032759475632,0,-103.385228931304,0.0,edges,M1_con_gwesp,-8.48063313505343,-8.165066092064,0.0002429026982447,genere_Pop
0.249634284139371,0.0900636507025234,0,2.77175400055571,0.0055755154420612,nodematch.gender.F,M1_con_gwesp,0.07311277244623,0.426155795832513,1.28355591408492,genere_Pop
0.0684471687513516,0.024897784708411,0,2.7491268622075,0.0059754254143362,nodematch.gender.M,M1_con_gwesp,0.0196484074280341,0.117245930074669,1.07084404942828,genere_Pop
1.61130690190286,0.812013132523254,0,1.98433601300989,0.0472183940324725,nodematch.gender.mixed,M1_con_gwesp,0.019790407183734,3.20282339662199,5.00935368559095,genere_Pop
0.216076894180982,0.007796969924763,0,27.712931595994,4.8773572774588104e-169,nodecov.log_nrel,M1_con_gwesp,0.200795113939904,0.23135867442206,1.24119781622086,genere_Pop
0.782319455488913,0.0221399361707375,0,35.335217294931,1.6912517868106798e-273,nodematch.cohort_decade,M1_con_gwesp,0.738925977974252,0.825712933003574,2.18653796588053,genere_Pop
1.49750733818901,0.0265436190123526,0,56.4168487157729,0.0,gwesp.fixed.0.25,M1_con_gwesp,1.44548280090545,1.54953187547258,4.47053164676263,genere_Pop
-8.10755835902892,0.109611453014732,0,-73.966343261039,0.0,edges,M2_nodemix_gwesp,-8.3223928592309,-7.89272385882694,0.0003012535289024,genere_Pop
-0.223208195428749,0.0888606879827726,0,-2.51188912100278,0.0120086812831577,mix.gender.F.M,M2_nodemix_gwesp,-0.397371943516434,-0.0490444473410632,0.799948286379877,genere_Pop
-0.1580889530388,0.0780817618677001,0,-2.024659142639,0.0429023767359712,mix.gender.M.M,M2_nodemix_gwesp,-0.311126394148925,-0.0050515119286748,0.853773832813701,genere_Pop
0.0201979254834733,0.258602697176362,0,0.0781040789752425,0.937745262555691,mix.gender.F.mixed,M2_nodemix_gwesp,-0.486654047287115,0.527049898254061,1.02040328385448,genere_Pop
-0.225897190362224,0.119872679563743,0,-1.88447602226244,0.0595006151775798,mix.gender.M.mixed,M2_nodemix_gwesp,-0.460843325037471,0.009048944313024,0.797800118990768,genere_Pop
1.0055058865872,1.00505909470844,0,1.00044454289415,0.317095422948422,mix.gender.mixed.mixed,M2_nodemix_gwesp,-0.964373741375785,2.97538551455018,2.73328965770822,genere_Pop
0.216960942009164,0.0078267625908633,0,27.7203939036601,3.96499553008863e-169,nodecov.log_nrel,M2_nodemix_gwesp,0.201620769215526,0.232301114802801,1.24229557962081,genere_Pop
0.784067745759267,0.0221486835574761,0,35.400196301717,1.69564173538822e-274,nodematch.cohort_decade,M2_nodemix_gwesp,0.740657123681639,0.827478367836895,2.19036401247753,genere_Pop
1.49953932366207,0.0260272780569444,0,57.6141431455594,0.0,gwesp.fixed.0.25,M2_nodemix_gwesp,1.44852679605485,1.55055185126929,4.47962493771443,genere_Pop
-10.3551711710604,0.081240372246232,0,-127.463364393196,0.0,edges,M0_senza_gwesp,-10.5143993747536,-10.1959429673671,3.1827776612421e-05,genere_Folk_World_&_Country
0.625827205590369,0.126087133586977,0,4.96345017756043,6.92518121345845e-07,nodematch.gender.F,M0_senza_gwesp,0.378700964846003,0.872953446334735,1.86979202030016,genere_Folk_World_&_Country
0.205941428369888,0.037943519114537,0,5.42757849497906,5.71237469655877e-08,nodematch.gender.M,M0_senza_gwesp,0.131573497458688,0.280309359281088,1.22868123602481,genere_Folk_World_&_Country
0.363466169419271,0.593799283618867,0,0.612102741525979,0.540469783814075,nodematch.gender.mixed,M0_senza_gwesp,-0.800359040519394,1.52729137935794,1.43830619734826,genere_Folk_World_&_Country
0.677656246143769,0.0087244391277565,0,77.6733307689458,0.0,nodecov.log_nrel,M0_senza_gwesp,0.660556659668054,0.694755832619484,1.96925686588573,genere_Folk_World_&_Country
0.940986964730187,0.0299297137004161,0,31.4398919464808,5.77007091864477e-217,nodematch.cohort_decade,M0_senza_gwesp,0.882325803809777,0.999648125650598,2.56250927694755,genere_Folk_World_&_Country
-12.194883062391,0.141061176779626,0,-86.451023171617,0.0,edges,M1_con_gwesp,-12.4713578884959,-11.9184082362861,5.05626210340594e-06,genere_Folk_World_&_Country
0.649024278901447,0.0782656310321372,1,8.29258347939399,1.1081484411064001e-16,nodematch.gender.F,M1_con_gwesp,0.495626460851157,0.802422096951736,1.91367270694316,genere_Folk_World_&_Country
0.154863759355542,0.0183894397046285,2,8.42134191378131,3.72196299788243e-17,nodematch.gender.M,M1_con_gwesp,0.1188211198386,0.190906398872485,1.16749888946826,genere_Folk_World_&_Country
1.5610207046374,0.239805883364415,5,6.50951795984603,7.53923417393706e-11,nodematch.gender.mixed,M1_con_gwesp,1.09100980996234,2.03103159931247,4.76368107585529,genere_Folk_World_&_Country
0.280762544625127,0.0072477802135518,1,38.7377288428475,0.0,nodecov.log_nrel,M1_con_gwesp,0.266557156438703,0.29496793281155,1.32413914264497,genere_Folk_World_&_Country
0.731522881434091,0.019364548617861,2,37.7763972643993,0.0,nodematch.cohort_decade,M1_con_gwesp,0.693569063566208,0.769476699301973,2.07824311685785,genere_Folk_World_&_Country
4.74270296630158,0.113075312858491,0,41.9428683981347,0.0,gwesp.fixed.0.25,M1_con_gwesp,4.52107942555834,4.96432650704482,114.743931877617,genere_Folk_World_&_Country
-11.327374528807,0.167439306141816,1,-67.6506298898123,0.0,edges,M2_nodemix_gwesp,-11.6555495384413,-10.9991995191727,1.20388151931902e-05,genere_Folk_World_&_Country
-0.714561365335523,0.07908732148191,1,-9.03509376656494,1.63861887520564e-19,mix.gender.F.M,M2_nodemix_gwesp,-0.869569667073807,-0.559553063597238,0.489406735481407,genere_Folk_World_&_Country
-0.543226611062726,0.0715189556927114,1,-7.59556128583246,3.06461147764653e-14,mix.gender.M.M,M2_nodemix_gwesp,-0.683401188432356,-0.403052033693096,0.580870980657632,genere_Folk_World_&_Country
-0.101475302287236,0.166330222644505,1,-0.610083367134769,0.54180658413249,mix.gender.F.mixed,M2_nodemix_gwesp,-0.427476548210994,0.224525943636523,0.90350349353643,genere_Folk_World_&_Country
-0.74497032875082,0.0748624018288026,2,-9.95119459905172,2.4917392445869102e-23,mix.gender.M.mixed,M2_nodemix_gwesp,-0.891697940131438,-0.598242717370201,0.474748386108596,genere_Folk_World_&_Country
0.997684736730629,0.520307296558281,1,1.91749134277012,0.0551755397664727,mix.gender.mixed.mixed,M2_nodemix_gwesp,-0.0220988254170029,2.01746829887826,2.71199557036514,genere_Folk_World_&_Country
0.267295307589295,0.0093916079583911,1,28.4610802296613,3.55389079633953e-178,nodecov.log_nrel,M2_nodemix_gwesp,0.248888094233929,0.285702520944661,1.30642618693964,genere_Folk_World_&_Country
0.71479111843196,0.0224287693292678,1,31.8693864981354,7.09335514947159e-223,nodematch.cohort_decade,M2_nodemix_gwesp,0.670831538329039,0.758750698534882,2.04375973393137,genere_Folk_World_&_Country
4.67131835527135,0.123432005373298,0,37.8452763620244,0.0,gwesp.fixed.0.25,M2_nodemix_gwesp,4.42939607020013,4.91324064034256,106.838500727961,genere_Folk_World_&_Country
-8.4118940415061,0.121478629676138,0,-69.2458752945451,0.0,edges,M0_senza_gwesp,-8.64998778056261,-8.17380030244959,0.0002222085858078,genere_Classical
0.538234061090352,0.122441961524535,0,4.3958301091289,1.10350219728742e-05,nodematch.gender.F,M0_senza_gwesp,0.298252226305825,0.77821589587488,1.71297917304157,genere_Classical
0.0940810098668623,0.0549341512840288,0,1.71261424210289,0.0867835314016573,nodematch.gender.M,M0_senza_gwesp,-0.0135879481711089,0.201749967904833,1.09864874370073,genere_Classical
1.16169799329672,0.463934327950983,0,2.50401387288474,0.0122793219346467,nodematch.gender.mixed,M0_senza_gwesp,0.252403419320998,2.07099256727244,3.19535436261778,genere_Classical
0.471001099915748,0.0166760455906016,0,28.2441719984981,1.67839368831204e-175,nodecov.log_nrel,M0_senza_gwesp,0.438316651153621,0.503685548677876,1.60159674929492,genere_Classical
1.52416954577761,0.050535242551252,0,30.1605269675281,7.80608409069099e-200,nodematch.cohort_decade,M0_senza_gwesp,1.42512229042716,1.62321680112806,4.5913290970186,genere_Classical
-8.85309469362967,0.198704631138292,0,-44.5540430684184,0.0,edges,M1_con_gwesp,-9.24254861422204,-8.4636407730373,0.0001429386996153,genere_Classical
0.49397945177655,0.128982397023721,0,3.82982068231918,0.0001282366706511,nodematch.gender.F,M1_con_gwesp,0.241178598970411,0.74678030458269,1.63882488550783,genere_Classical
0.0510982125201563,0.0457202248320121,0,1.11762819863429,0.263725820153099,nodematch.gender.M,M1_con_gwesp,-0.0385117815156612,0.140708206555974,1.05242624964193,genere_Classical
1.27225495362805,0.462071982346344,0,2.75336960957403,0.0058985261393034,nodematch.gender.mixed,M1_con_gwesp,0.366610509964188,2.17789939729191,3.5688911797084,genere_Classical
0.108395225825396,0.0193716927349148,0,5.59554744692128,2.19926690137426e-08,nodecov.log_nrel,M1_con_gwesp,0.0704274057453869,0.146363045905405,1.11448813284668,genere_Classical
1.1607166917093,0.0509126651956164,0,22.7981915157967,4.77851642209568e-115,nodematch.cohort_decade,M1_con_gwesp,1.06092970156895,1.26050368184965,3.19222029429399,genere_Classical
3.11628655683911,0.139689249514318,0,22.3087071315369,3.04160563373817e-110,gwesp.fixed.0.25,M1_con_gwesp,2.84250065876362,3.3900724549146,22.5624395494129,genere_Classical
-8.37391103167738,0.40121922177609,0,-20.8711611437964,9.79260920647278e-97,edges,M2_nodemix_gwesp,-9.1602862562637,-7.58753580709105,0.0002308110767392,genere_Classical
-0.392563131040071,0.251988047275766,0,-1.55786409428565,0.119265468332583,mix.gender.F.M,M2_nodemix_gwesp,-0.88645062823515,0.101324366155007,0.675323711118528,genere_Classical
-0.300651357920552,0.24680713210742,0,-1.21816316794969,0.223161973183581,mix.gender.M.M,M2_nodemix_gwesp,-0.784384447978715,0.18308173213761,0.740335839984286,genere_Classical
-1.40071301463057,0.817324064104183,0,-1.71377924148826,0.0865692772238103,mix.gender.F.mixed,M2_nodemix_gwesp,-3.00263874397267,0.201212714711536,0.246421199367265,genere_Classical
-1.90197961145384,0.254604150661085,0,-7.47034015948016,7.998777842918131e-14,mix.gender.M.mixed,M2_nodemix_gwesp,-2.40099457706398,-1.40296464584371,0.149272824346947,genere_Classical
1.0064934082923,0.95220131639543,0,1.05701745099702,0.290503623111715,mix.gender.mixed.mixed,M2_nodemix_gwesp,-0.85978687787437,2.87277369445898,2.73599017376119,genere_Classical
0.137524914225628,0.0271829287536644,0,5.05923829885654,4.20934550566367e-07,nodecov.log_nrel,M2_nodemix_gwesp,0.0842473528741272,0.190802475577128,1.14743029295317,genere_Classical
1.06676310376907,0.0846609027003451,0,12.6004220335903,2.1001773740785297e-36,nodematch.cohort_decade,M2_nodemix_gwesp,0.900830783577746,1.2326954239604,2.90595797553644,genere_Classical
3.05093548325669,0.161645213065157,0,18.8742705422827,1.85669758073714e-79,gwesp.fixed.0.25,M2_nodemix_gwesp,2.73411668737568,3.3677542791377,21.1351067159132,genere_Classical
-10.1834299258192,0.0842626106793606,0,-120.853482270679,0.0,edges,M0_senza_gwesp,-10.3485816079941,-10.0182782436444,3.77913648023183e-05,epoca_pre2000
0.612900245240941,0.130656215073839,0,4.69093831391461,2.7195496122687e-06,nodematch.gender.F,M0_senza_gwesp,0.356818769339897,0.868981721141985,1.84577684899861,epoca_pre2000
0.0545524148750719,0.036344235834059,0,1.50099221026817,0.133357576369794,nodematch.gender.M,M0_senza_gwesp,-0.0166809784053139,0.125785808155458,1.05606782862638,epoca_pre2000
1.17251154312735,0.237969169073736,0,4.92715736114557,8.34345580587174e-07,nodematch.gender.mixed,M0_senza_gwesp,0.706100542311909,1.6389225439428,3.23009498243023,epoca_pre2000
1.85840934132119,0.0334484266072569,0,55.5604412471225,0.0,nodematch.musical_genre,M0_senza_gwesp,1.79285162983143,1.92396705281094,6.41352692112948,epoca_pre2000
0.398324448317822,0.0071242208080579,0,55.9113002038469,0.0,nodecov.log_nrel,M0_senza_gwesp,0.384361232116118,0.412287664519527,1.48932716121961,epoca_pre2000
0.996177233368104,0.0295650371325539,0,33.6944353866959,6.9740575860088e-249,nodematch.cohort_decade,M0_senza_gwesp,0.938230825386709,1.0541236413495,2.70791030797073,epoca_pre2000
-8.9452309244956,0.093255736813213,1,-95.9215082114732,0.0,edges,M1_con_gwesp,-9.12800881000124,-8.76245303898995,0.0001303573640821,epoca_pre2000
0.70923431555001,0.155015408779418,1,4.57525042919589,4.75650676602269e-06,nodematch.gender.F,M1_con_gwesp,0.405409697293596,1.01305893380642,2.03243445925319,epoca_pre2000
0.13680198750465,0.0276183190622275,1,4.9533060718293,7.29630713953156e-07,nodematch.gender.M,M1_con_gwesp,0.0826710768291484,0.190932898180152,1.14660108469845,epoca_pre2000
1.2086843782376,0.234057536943323,1,5.16404809698685,2.41665556695082e-07,nodematch.gender.mixed,M1_con_gwesp,0.74994003551853,1.66742872095666,3.34907563609519,epoca_pre2000
0.993842146404032,0.0246176062391982,1,40.3711935574611,0.0,nodematch.musical_genre,M1_con_gwesp,0.945592524789615,1.04209176801845,2.70159447878574,epoca_pre2000
0.138548169278741,0.0066285052512742,1,20.9018721456252,5.148566765310431e-97,nodecov.log_nrel,M1_con_gwesp,0.125556537714908,0.151539800842573,1.14860500771244,epoca_pre2000
0.476751560659144,0.0255853989606221,1,18.6337356471518,1.7115090022853799e-77,nodematch.cohort_decade,M1_con_gwesp,0.426605100166236,0.526898021152052,1.61083319999968,epoca_pre2000
2.21693719727273,0.0550462374749219,0,40.2740913633331,0.0,gwesp.fixed.0.25,M1_con_gwesp,2.10904855433745,2.32482584020802,9.17917376962223,epoca_pre2000
-7.801869687311,0.152731068170552,1,-51.0824011169672,0.0,edges,M2_nodemix_gwesp,-8.10121708024561,-7.50252229437638,0.0004089696184041,epoca_pre2000
-0.727491278062757,0.134538965745064,1,-5.4072905498714,6.39852999409815e-08,mix.gender.F.M,M2_nodemix_gwesp,-0.991182805440351,-0.463799750685163,0.483119483506218,epoca_pre2000
-0.680822478979718,0.121116111830899,1,-5.62123790706125,1.89593966156554e-08,mix.gender.M.M,M2_nodemix_gwesp,-0.918205696115805,-0.443439261843631,0.506200481847654,epoca_pre2000
-1.04552661023942,0.266085850508654,1,-3.92928300486768,8.5199520900465e-05,mix.gender.F.mixed,M2_nodemix_gwesp,-1.56704529403209,-0.524007926446746,0.351506663621601,epoca_pre2000
-1.08521236766471,0.155641221371,1,-6.97252538951688,3.11301454840483e-12,mix.gender.M.mixed,M2_nodemix_gwesp,-1.3902635560617,-0.780161179267729,0.33783003410069,epoca_pre2000
0.0206040027835927,0.283685106797319,1,0.0726298360044449,0.942100683714713,mix.gender.mixed.mixed,M2_nodemix_gwesp,-0.535408589489552,0.576616595056737,1.02081773060803,epoca_pre2000
1.06592943688742,0.0315713130189269,0,33.762594423881,6.985677069195679e-250,nodematch.musical_genre,M2_nodemix_gwesp,1.00405080042569,1.12780807334916,2.90353638415329,epoca_pre2000
0.105206593456461,0.00458225949398,1,22.959545087893,1.1830575628323299e-116,nodecov.log_nrel,M2_nodemix_gwesp,0.0962255298804436,0.114187657032479,1.1109400996045,epoca_pre2000
0.523889662037337,0.0223512075114201,1,23.4389869884954,1.7121272884607802e-121,nodematch.cohort_decade,M2_nodemix_gwesp,0.480082100303972,0.567697223770701,1.68858290940128,epoca_pre2000
2.12495436869052,0.0707716984419504,0,30.0254821556033,4.56361525709667e-198,gwesp.fixed.0.25,M2_nodemix_gwesp,1.98624438861957,2.26366434876148,8.37251543056772,epoca_pre2000
-10.123145161098,0.09826204209832,0,-103.021929372981,0.0,edges,M0_senza_gwesp,-10.3157352246581,-9.93055509753798,4.01396810286787e-05,epoca_post2000
0.375740971226039,0.23512754632459,0,1.59803041838124,0.110036207577705,nodematch.gender.F,M0_senza_gwesp,-0.0851005513434304,0.836582493795508,1.45606992091229,epoca_post2000
0.150565050503741,0.0470695905881262,0,3.19877544339046,0.0013801262313609,nodematch.gender.M,M0_senza_gwesp,0.058310348183968,0.242819752823514,1.16249092326376,epoca_post2000
1.87879041938505,1.02475567220302,0,1.83340328855758,0.0667426189281004,nodematch.gender.mixed,M0_senza_gwesp,-0.129693791085997,3.8872746298561,6.54558266198566,epoca_post2000
0.780876209865395,0.0469652474491818,0,16.6266814778381,4.466575532795701e-62,nodematch.musical_genre,M0_senza_gwesp,0.688826016339987,0.872926403390803,2.18338453066878,epoca_post2000
0.474918737677431,0.0105093365347563,0,45.1901731481133,0.0,nodecov.log_nrel,M0_senza_gwesp,0.454320816567898,0.495516658786964,1.60788353182654,epoca_post2000
0.847082883980354,0.0358508290756227,0,23.6279859021821,1.98794427411377e-123,nodematch.cohort_decade,M0_senza_gwesp,0.776816550176232,0.917349217784475,2.33283177563082,epoca_post2000
-8.7946514865553,0.157779059862103,0,-55.7402959191271,0.0,edges,M1_con_gwesp,-9.10389276139961,-8.48541021171099,0.0001515414328031,epoca_post2000
0.776316438699429,0.408334726404788,0,1.90117662912131,0.0572788811822654,nodematch.gender.F,M1_con_gwesp,-0.0240049186909718,1.57663779608983,2.1734514603158,epoca_post2000
0.0797014726647838,0.1055314662963,0,0.755238939265813,0.450105628471347,nodematch.gender.M,M1_con_gwesp,-0.127136400511668,0.286539345841235,1.08296372513907,epoca_post2000
0.61666651571058,1.32078339568464,1,0.466894509520182,0.640575353676339,nodematch.gender.mixed,M1_con_gwesp,-1.97202137120983,3.20535440263099,1.85274165127024,epoca_post2000
0.288329175454267,0.0903196159242925,0,3.19232065486139,0.001411345594427,nodematch.musical_genre,M1_con_gwesp,0.111305981145163,0.46535236976337,1.3341964165584,epoca_post2000
0.080318669010375,0.0203421244723468,0,3.94839138456559,7.86780987408251e-05,nodecov.log_nrel,M1_con_gwesp,0.0404488376755445,0.120188500345206,1.08363233270248,epoca_post2000
0.304014525368843,0.0804477982899258,0,3.77902853566241,0.0001574413833011,nodematch.cohort_decade,M1_con_gwesp,0.146339738085046,0.461689312652641,1.35528874201557,epoca_post2000
2.89234230083796,0.0579667488209229,0,49.8965762211936,0.0,gwesp.fixed.0.25,M1_con_gwesp,2.77872956084807,3.00595504082785,18.0355047432741,epoca_post2000
-7.93753606869584,0.310003224766457,0,-25.6046887082405,1.35273041734098e-144,edges,M2_nodemix_gwesp,-8.54513122432937,-7.32994091306231,0.0003570852287454,epoca_post2000
-0.889824270123782,0.318750398129061,0,-2.79160206652823,0.0052447813363479,mix.gender.F.M,M2_nodemix_gwesp,-1.51456357051454,-0.26508496973302,0.410727923578044,epoca_post2000
-0.793717323043377,0.305853173444641,0,-2.59509265215141,0.0094565423209711,mix.gender.M.M,M2_nodemix_gwesp,-1.39317852755215,-0.194256118534599,0.452160839409864,epoca_post2000
0.0597879428997594,0.566463214577175,0,0.105546029046894,0.915942548029387,mix.gender.F.mixed,M2_nodemix_gwesp,-1.05045955623829,1.17003544203781,1.06161140043913,epoca_post2000
-0.968767772998208,0.40930495667454,0,-2.36686059428429,0.0179396887216406,mix.gender.M.mixed,M2_nodemix_gwesp,-1.77099074677403,-0.166544799222384,0.379550442373811,epoca_post2000
0.271210024310803,3.207638948697,0,0.0845512941601403,0.93261812196597,mix.gender.mixed.mixed,M2_nodemix_gwesp,-6.01564679054323,6.55806683916484,1.31155049894985,epoca_post2000
0.219442799195699,0.0636408001683518,0,3.44814645031484,0.0005644478963575,nodematch.musical_genre,M2_nodemix_gwesp,0.0947091229184184,0.344176475472979,1.24538260903138,epoca_post2000
0.0968356248906253,0.017272585357909,0,5.60631908217984,2.06674793077553e-08,nodecov.log_nrel,M2_nodemix_gwesp,0.0629819796692298,0.130689270112021,1.10167927008645,epoca_post2000
0.312068047617348,0.0639166015794695,0,4.88242553430103,1.04788816478613e-06,nodematch.cohort_decade,M2_nodemix_gwesp,0.186793810507392,0.437342284727304,1.36624765976432,epoca_post2000
2.86786217669527,0.0568795871869183,0,50.4198838024417,0.0,gwesp.fixed.0.25,M2_nodemix_gwesp,2.7563802343534,2.97934411903714,17.5993536457293,epoca_post2000
-11.6876897794872,0.107329169845109,0,-108.8957437792,0.0,edges,M0_senza_gwesp,-11.8980510868742,-11.4773284721002,8.39654891919388e-06,complessiva
0.653050170010414,0.118670704165792,0,5.50304453488414,3.73288076952164e-08,nodematch.gender.F,M0_senza_gwesp,0.420459863825455,0.885640476195374,1.92139247392344,complessiva
0.0353591068771227,0.0364705372044447,0,0.969525254835387,0.332283185858859,nodematch.gender.M,M0_senza_gwesp,-0.036121832540417,0.106840046294662,1.03599167374272,complessiva
1.57583490810619,0.362423774564085,0,4.3480450751377,1.37356378724601e-05,nodematch.gender.mixed,M0_senza_gwesp,0.865497362819516,2.28617245339286,4.83477652760107,complessiva
1.88841887475136,0.0420963568886675,0,44.8594371181731,0.0,nodematch.musical_genre,M0_senza_gwesp,1.80591153136922,1.97092621813349,6.60891089980105,complessiva
0.592609166363824,0.0080857345017885,0,73.2907030564438,0.0,nodecov.log_nrel,M0_senza_gwesp,0.576761417951766,0.608456914775883,1.80870146718637,complessiva
0.717162823196607,0.0308200891926373,0,23.2693299073233,9.0665159022509e-120,nodematch.cohort_decade,M0_senza_gwesp,0.656756558378726,0.777569088014488,2.04861268123444,complessiva
-11.1031234215193,0.103297605790635,0,-107.486745085102,0.0,edges,M1_con_gwesp,-11.3055830085582,-10.9006638344805,1.50651953018572e-05,complessiva
0.711269007769356,0.11690335991713,0,6.08424777759643,1.17039487531145e-09,nodematch.gender.F,M1_con_gwesp,0.482142632660057,0.940395382878655,2.03657404779992,complessiva
0.0002386413400515,0.0321297091531565,0,0.0074274354278765,0.994073818433863,nodematch.gender.M,M1_con_gwesp,-0.0627344314338822,0.0632117141139852,1.00023866981716,complessiva
1.39257419970481,0.313217032550538,1,4.44603599097096,8.74693001679047e-06,nodematch.gender.mixed,M1_con_gwesp,0.77868009656125,2.00646830284838,4.02519839244723,complessiva
1.27322108486869,0.0294792566393624,0,43.1904067475232,0.0,nodematch.musical_genre,M1_con_gwesp,1.21544280356452,1.33099936617285,3.57234086312668,complessiva
0.356206267563934,0.007426212620763,0,47.9660744654698,0.0,nodecov.log_nrel,M1_con_gwesp,0.341651158285701,0.370761376842166,1.42790204776688,complessiva
0.670821178595207,0.0299972739311974,0,22.3627380319232,9.07698420737033e-111,nodematch.cohort_decade,M1_con_gwesp,0.612027602055678,0.729614755134736,1.95584275757861,complessiva
1.99156347573691,0.066296436902295,0,30.0402792185045,2.9247970549708402e-198,gwesp.fixed.0.25,M1_con_gwesp,1.86162484710508,2.12150210436874,7.3269803677627,complessiva
-10.473114891926,0.148273625699686,0,-70.6337006497589,0.0,edges,M2_nodemix_gwesp,-10.7637258581546,-10.1825039256975,2.82868113514188e-05,complessiva
-0.611210793611174,0.111098586570561,0,-5.50151727828672,3.76536704481084e-08,mix.gender.F.M,M2_nodemix_gwesp,-0.828960022022779,-0.39346156519957,0.542693381434839,complessiva
-0.632091934832195,0.104623308527036,0,-6.04159764904448,1.52595609006468e-09,mix.gender.M.M,M2_nodemix_gwesp,-0.837149851488608,-0.427034018175783,0.531478818216648,complessiva
0.206457849615303,0.209038999514777,0,0.987652304567734,0.323322960750381,mix.gender.F.mixed,M2_nodemix_gwesp,-0.203251060797946,0.616166760028551,1.2293159169862,complessiva
-0.955866323443758,0.13030694548144,0,-7.33549788855962,2.20898723442093e-13,mix.gender.M.mixed,M2_nodemix_gwesp,-1.21126324352281,-0.700469403364711,0.384478917132913,complessiva
0.861982963471794,0.342838396419846,0,2.51425444895674,0.0119284336755902,mix.gender.mixed.mixed,M2_nodemix_gwesp,0.190032053971429,1.53393387297216,2.36785140425619,complessiva
1.28565115192138,0.0288150901037894,0,44.61728723702,0.0,nodematch.musical_genre,M2_nodemix_gwesp,1.22917461310668,1.34212769073609,3.6170224216768,complessiva
0.358726043660284,0.0070746996270672,0,50.7054804542978,0.0,nodecov.log_nrel,M2_nodemix_gwesp,0.344859887189793,0.372592200130775,1.43150457809356,complessiva
0.672651695536466,0.0305443961614664,0,22.0220983247021,1.76881250319178e-107,nodematch.cohort_decade,M2_nodemix_gwesp,0.612785779130468,0.732517611942463,1.95942623969253,complessiva
1.96517178703394,0.0671593179632313,0,29.261342232657,3.2210252502734806e-188,gwesp.fixed.0.25,M2_nodemix_gwesp,1.83354194259973,2.09680163146815,7.13613838091419,complessiva
