estimate,se,mcmc_se,p,Pr(>|z|),term,ci_lo,ci_hi,or,model,metodo,n_nodi,n_archi,secondi,decennio
-6.98904032231322,0.288199907872615,0,-24.2506681348503,6.5057138006534695e-130,edges,-7.55390176209131,-6.42417888253513,0.0009219308637433,MPLE,MPLE,139,463,0.276122808456421,1930
2.29559135033824,0.165485770616671,0,13.8718352749236,9.38445257610084e-44,gwesp.fixed.0.25,1.97124519997571,2.61993750070077,9.9303065664841,M1_con_gwesp,MCMLE,139,463,1068.95047879219,1930
0.0837757461636885,0.0151754214512462,0,5.52048893224044,3.38057687461302e-08,nodecov.log_nrel,0.0540324666690295,0.113519025658348,1.08738501620317,M1_con_gwesp,MCMLE,139,463,1068.95047879219,1930
0.288336189786503,0.0686268535111309,0,4.20150677226862,2.65144314080854e-05,nodematch.musical_genre,0.153830028532381,0.422842351040626,1.33420577508816,M1_con_gwesp,MCMLE,139,463,1068.95047879219,1930
0.0393040555050276,1.02026417376493,0,0.0385234104222141,0.969270366517466,nodematch.gender.F,-1.96037697979075,2.03898509080081,1.04008667965781,M1_con_gwesp,MCMLE,139,463,1068.95047879219,1930
-6.82938031789554,0.230951283971911,0,-29.5706531717146,3.5639134307825e-192,edges,-7.28203651666377,-6.37672411912731,0.001081528113607,M1_con_gwesp,MCMLE,139,463,1068.95047879219,1930
0.10527365871161,0.107692187149807,0,0.977542210793498,0.328300791100238,nodematch.gender.M,-0.10579914951836,0.316346466941579,1.11101460758415,M1_con_gwesp,MCMLE,139,463,1068.95047879219,1930
0.17688111973257,0.0238289172072143,0,7.42296085862509,1.14530631802938e-13,nodecov.log_nrel,0.130177300215843,0.223584939249296,1.19348920237775,MPLE,MPLE,139,463,0.276122808456421,1930
0.508222034374926,0.115152144654216,0,4.41348301328678,1.01720702781509e-05,nodematch.musical_genre,0.282527978110115,0.733916090639737,1.66233299501371,MPLE,MPLE,139,463,0.276122808456421,1930
0.450031975780705,0.184469256070542,0,2.43960422114246,0.0147033607491722,nodematch.gender.M,0.0884788776275454,0.811585073933864,1.56836233429846,MPLE,MPLE,139,463,0.276122808456421,1930
-0.224063694878256,1.06345459205996,0,-0.210694181539275,0.833125915153289,nodematch.gender.F,-2.3083963945095,1.86026900475299,0.799264223710585,MPLE,MPLE,139,463,0.276122808456421,1930
1.51862768769966,0.0648125954549345,0,23.431058068884,2.06243670591315e-121,gwesp.fixed.0.25,1.39159733486342,1.64565804053589,4.56595497759928,MPLE,MPLE,139,463,0.276122808456421,1930
-0.0108055112811826,0.257907155379976,0,-0.0418969038112292,0.966580884633233,nodematch.gender.F,-0.51629424718111,0.494683224618745,0.989252658549062,M1_con_gwesp,MCMLE,303,1650,2342.6899998188,1940
3.36253074881604,0.156632367768281,0,21.4676621232625,3.12340480532353e-102,gwesp.fixed.0.25,3.05553694917698,3.66952454845511,28.862141360712,M1_con_gwesp,MCMLE,303,1650,2342.6899998188,1940
0.0865744606346715,0.0085056278839661,0,10.1784914430446,2.47366342467947e-24,nodecov.log_nrel,0.0699037363161982,0.103245184953145,1.09043255899537,M1_con_gwesp,MCMLE,303,1650,2342.6899998188,1940
0.229512726592063,0.0351354922249669,0,6.53221890624245,6.48023442792962e-11,nodematch.musical_genre,0.160648427252041,0.298377025932086,1.25798687700723,M1_con_gwesp,MCMLE,303,1650,2342.6899998188,1940
-0.0671958358282886,0.0476400266282003,0,-1.41049114755348,0.158394708536953,nodematch.gender.M,-0.16056857224209,0.0261769005855132,0.93501207454189,M1_con_gwesp,MCMLE,303,1650,2342.6899998188,1940
-8.40298565137013,0.199078928144593,0,-42.2093173279843,0.0,edges,-8.79317318061437,-8.01279812212588,0.0002241969499941,M1_con_gwesp,MCMLE,303,1650,2342.6899998188,1940
0.467435000088527,0.0594902761637609,0,7.85733451298499,3.92393911175625e-15,nodematch.musical_genre,0.350836201377214,0.58403379879984,1.59589546711665,MPLE,MPLE,303,1650,0.73514199256897,1940
0.198315767548363,0.0135239441198044,0,14.664048135037,1.09542554043605e-48,nodecov.log_nrel,0.171809324144614,0.224822210952112,1.21934736336553,MPLE,MPLE,303,1650,0.73514199256897,1940
-0.269122597525083,0.0738851401877601,0,-3.64244551531171,0.0002700601508326,nodematch.gender.M,-0.413934811285786,-0.124310383764381,0.764049579318608,MPLE,MPLE,303,1650,0.73514199256897,1940
-0.0447898533229182,0.302500692487394,0,-0.148065291866347,0.882291240554694,nodematch.gender.F,-0.637680315896636,0.5481006092508,0.956198402637886,MPLE,MPLE,303,1650,0.73514199256897,1940
-6.80487849414368,0.14303696110803,0,-47.5742664093951,0.0,edges,-7.08522578637347,-6.52453120191388,0.0011083548345421,MPLE,MPLE,303,1650,0.73514199256897,1940
1.53331625286029,0.0348687406623846,0,43.9739498396738,0.0,gwesp.fixed.0.25,1.46497477697575,1.60165772874483,4.63351728676672,MPLE,MPLE,303,1650,0.73514199256897,1940
0.0580595731956039,0.100771218577952,0,0.576152338087403,0.564512217627281,nodematch.gender.F,-0.139448385895396,0.255567532286604,1.05977812819949,M1_con_gwesp,MCMLE,1326,13919,10376.5105345249,1950
3.83893710860676,0.0840967042712644,0,45.6490791389849,0.0,gwesp.fixed.0.25,3.67411059701656,4.00376362019695,46.4760491849328,M1_con_gwesp,MCMLE,1326,13919,10376.5105345249,1950
-0.0336675528481824,0.0177162591394573,0,-1.9003759531378,0.0573838003070222,nodematch.cohort_decade,-0.0683907827022973,0.0010556770059324,0.966892892000448,M1_con_gwesp,MCMLE,1326,13919,10376.5105345249,1950
0.304518461234733,0.004130270190749,0,73.7284601663092,0.0,nodecov.log_nrel,0.296423280414446,0.312613642055021,1.35597189273892,M1_con_gwesp,MCMLE,1326,13919,10376.5105345249,1950
0.875988982026974,0.0165125688185679,0,53.0498308077875,0.0,nodematch.musical_genre,0.843624941850341,0.908353022203606,2.40124891205713,M1_con_gwesp,MCMLE,1326,13919,10376.5105345249,1950
0.0321380848422804,0.0213851925134868,0,1.50281952439811,0.132885589727921,nodematch.gender.M,-0.0097761222866093,0.0740522919711701,1.03266009016617,M1_con_gwesp,MCMLE,1326,13919,10376.5105345249,1950
-12.2467024112077,0.108977986155666,0,-112.377764016618,0.0,edges,-12.4602953391805,-12.0331094832349,4.80092278713548e-06,M1_con_gwesp,MCMLE,1326,13919,10376.5105345249,1950
-0.0560481268975159,0.10350367241237,0,-0.54150858217102,0.58815708389392,nodematch.gender.F,-0.258911597093392,0.14681534329836,0.945493631120316,MPLE,MPLE,1326,13919,6.6113588809967,1950
0.177738238839352,0.0185609424098992,0,9.57592749948724,1.00947117380095e-21,nodematch.cohort_decade,0.141359460196828,0.214117017481877,1.19451260330243,MPLE,MPLE,1326,13919,6.6113588809967,1950
0.386605666935948,0.0044620648106456,0,86.6427726494655,0.0,nodecov.log_nrel,0.377860180610399,0.395351153261497,1.4719759280351,MPLE,MPLE,1326,13919,6.6113588809967,1950
0.693837716500039,0.0201617952614806,0,34.4134888536253,1.5846268824296502e-259,nodematch.musical_genre,0.654321323923866,0.733354109076211,2.00138154882985,MPLE,MPLE,1326,13919,6.6113588809967,1950
0.111959258384365,0.0251709918608024,0,4.44794782039217,8.66945820464245e-06,nodematch.gender.M,0.0626250208820415,0.161293495886689,1.11846729155228,MPLE,MPLE,1326,13919,6.6113588809967,1950
-10.173185335347,0.0563775597670956,0,-180.447422296638,0.0,edges,-10.2836833220268,-10.0626873486673,3.81805117803533e-05,MPLE,MPLE,1326,13919,6.6113588809967,1950
1.9123513045985,0.0165735447568145,0,115.385774899616,0.0,gwesp.fixed.0.25,1.87986775377898,1.94483485541802,6.76898604959296,MPLE,MPLE,1326,13919,6.6113588809967,1950
1.75296850481669,0.0070200357843514,0,249.709340331895,0.0,gwesp.fixed.0.25,1.73920948750918,1.7667275221242,5.77171062171426,MPLE,MPLE,4330,41413,54.1546745300293,1960
0.142478330518099,0.0106525364730805,0,13.3750615056,8.45837030534396e-41,nodematch.cohort_decade,0.121599742686862,0.163356918349337,1.15312809299829,MPLE,MPLE,4330,41413,54.1546745300293,1960
0.37734705523903,0.0023010843909623,0,163.986621577672,0.0,nodecov.log_nrel,0.372837012707357,0.381857097770704,1.4584103705103,MPLE,MPLE,4330,41413,54.1546745300293,1960
0.863073721233107,0.011292103827528,0,76.4316140212154,0.0,nodematch.musical_genre,0.840941604421465,0.885205838044749,2.37043556564385,MPLE,MPLE,4330,41413,54.1546745300293,1960
0.0211456382886398,0.0459059638577393,0,0.460629437041542,0.645064488245143,nodematch.gender.F,-0.0688283975481265,0.111119674125406,1.0213707915003,MPLE,MPLE,4330,41413,54.1546745300293,1960
-10.5141691967158,0.0265045008223727,0,-396.69372636668,0.0,edges,-10.5661170637558,-10.4622213296757,2.71490311659677e-05,MPLE,MPLE,4330,41413,54.1546745300293,1960
0.0771575843516811,0.0132370201679113,0,5.82892398537881,5.578590563734221e-09,nodematch.gender.M,0.0512135015599446,0.103101667143418,1.08021228753395,MPLE,MPLE,4330,41413,54.1546745300293,1960
0.298784987014871,0.0149760676003752,0,19.9508305509643,1.47419115473738e-88,nodematch.cohort_decade,0.269432433888098,0.328137540141644,1.34821970756225,MPLE,MPLE,10778,30629,3.77956962585449,2020
-9.10230242529766,0.0237698252813554,0,-382.935184316955,0.0,edges,-9.14889042676792,-9.05571442382739,0.00011140900206,MPLE,MPLE,10778,30629,3.77956962585449,2020
0.0868455277798699,0.0530349379171764,0,1.63751540381729,0.101522823037519,nodematch.gender.F,-0.0171010404601135,0.190792096019853,1.09072817950087,MPLE,MPLE,10778,30629,3.77956962585449,2020
2.29979819105418e-05,0.0167217050097263,0,0.001375337137999,0.998902640077644,nodematch.gender.M,-0.0327509415972561,0.0327969375610772,1.00002299824637,MPLE,MPLE,10778,30629,3.77956962585449,2020
1.09733450995236,0.0131744909443363,0,83.2923651159444,0.0,nodematch.musical_genre,1.07151298218681,1.12315603771791,2.99616911188763,MPLE,MPLE,10778,30629,3.77956962585449,2020
0.0644702258527937,0.0027354067962529,0,23.5687890887411,8.05707028123253e-123,nodecov.log_nrel,0.059108927049072,0.0698315246565155,1.06659382085045,MPLE,MPLE,10778,30629,3.77956962585449,2020
2.56581309469061,0.0055232212659687,0,464.550118696102,0.0,gwesp.fixed.0.25,2.55498777993067,2.57663840945056,13.0112334346475,MPLE,MPLE,10778,30629,3.77956962585449,2020
