esp,archi,spiegati_medi,quota_archi,quota_spiegata
0,17353,0.0,0.024697806616159963,
1,34244,0.8232683097768952,0.04873806775564927,0.8232683097768952
2,51246,1.6498263279085197,0.07293631060057243,0.8249131639542598
3,64011,2.4732780303385358,0.09110420672546622,0.8244260101128452
4,73200,3.279289617486339,0.10418253006989624,0.8198224043715847
5,74836,4.049294457213106,0.10651098115178625,0.8098588914426212
6,73328,4.75226380100371,0.1043647071716578,0.7920439668339516
7,40740,4.613696612665684,0.0579835556700488,0.6590995160950978
8,30522,4.749426643077125,0.0434406992184887,0.5936783303846406
9,24019,4.918189766434906,0.03418524849383658,0.5464655296038784
10,19532,5.069782920335859,0.02779908712192914,0.5069782920335859
11,16313,5.196039968123582,0.02321761766434723,0.47236726982941657
12,13843,5.335982084808206,0.019702168903791988,0.4446651737340172
13,11648,5.400583791208791,0.016578116260302613,0.4154295224006762
14,10315,5.509064469219583,0.014680912536488792,0.39350460494425593
15,9253,5.646276883173025,0.01316941189531079,0.37641845887820163
16,8080,5.816707920792079,0.011499929548698927,0.36354424504950494
17,7210,5.855478502080444,0.010261694560163277,0.3444399118870849
18,6465,5.907192575406032,0.009201366897566655,0.32817736530033514
19,5992,6.057576769025367,0.008528165576213364,0.3188198299487035
20,5214,6.138089758342923,0.007420870379568838,0.30690448791714614
21,4947,6.171214877703659,0.007040860331363069,0.29386737512874567
22,4544,6.271346830985915,0.006467287112535635,0.28506121959026887
23,4244,6.420122525918944,0.006040309530281961,0.27913576199647583
24,3891,6.658956566435363,0.00553789924183014,0.2774565236014735
25,3582,6.733109994416527,0.005098112332108856,0.26932439977666106
26,3410,6.691788856304985,0.004853311851616751,0.25737649447326866
27,3184,6.754711055276382,0.0045316554063189836,0.2501744835287549
28,2954,6.871699390656737,0.004204305926591168,0.24541783538059775
29,2759,6.86335628851033,0.00392677049812628,0.23666745822449414
30,2589,6.9837775202781,0.003684816534849199,0.23279258400927
31,2433,7.184956843403206,0.0034627881920772886,0.2317728014001034
32,2328,7.21606529209622,0.003313346038288503,0.22550204037800686
33,2161,7.2151781582600645,0.0030756618508339583,0.2186417623715171
34,2130,7.466666666666667,0.003031540834001079,0.2196078431372549
35,1922,7.422996878251821,0.0027355030436385323,0.21208562509290918
36,1978,7.596056622851365,0.002815205525659218,0.21100157285698237
37,1850,7.647027027027027,0.0026330284238976504,0.2066764061358656
38,1639,7.7602196461256865,0.002332720857712567,0.20421630647699174
39,1612,7.66501240694789,0.0022942928753097364,0.19653877966533054
40,1462,7.75376196990424,0.0020808040841829,0.193844049247606
41,1443,7.906444906444906,0.0020537621706401676,0.19284011966938797
42,1360,7.830147058823529,0.0019356317062166513,0.18643207282913166
43,1302,8.258832565284179,0.001853082706980941,0.19206587361125996
44,1304,7.910276073619632,0.0018559292241959657,0.17977900167317346
45,1213,8.078318219291013,0.0017264126909123515,0.1795181826509114
46,1148,8.278745644599303,0.0016339008814240557,0.17997273140433268
47,1102,8.178765880217785,0.0015684309854784924,0.17401629532378265
48,1052,8.230038022813687,0.0014972680551028803,0.17145912547528516
49,1049,8.584366062917065,0.0014929982792803436,0.17519114414116457
50,1006,8.684890656063619,0.001431798159157317,0.1736978131212724
51,999,8.624624624624625,0.0014218353489047313,0.16911028675734557
52,922,8.793926247288503,0.0013122444361262887,0.16911396629400968
53,896,8.842633928571429,0.0012752397123309703,0.16684214959568733
54,865,8.8242774566474,0.0012311186954980908,0.16341254549347037
55,859,8.746216530849825,0.0012225791438530173,0.1590221187427241
56,842,8.790973871733966,0.0011983837475253091,0.15698167628096368
57,854,9.039812646370024,0.0012154628508154561,0.1585932043222811
58,759,8.318840579710145,0.0010802532831017929,0.14342828585707146
59,693,8.906204906204906,0.0009863182150059847,0.1509526255288967
60,724,8.98342541436464,0.0010304392318388643,0.14972375690607734
61,740,9.291891891891892,0.0010532113695590603,0.15232609658839166
62,691,9.445730824891461,0.0009834716977909603,0.15235049717566873
63,655,8.931297709923664,0.0009322343879205196,0.14176663031624864
64,654,9.536697247706423,0.0009308111293130073,0.14901089449541285
65,624,9.445512820512821,0.0008881133710876399,0.1453155818540434
66,657,9.643835616438356,0.000935080905135544,0.1461187214611872
67,583,9.499142367066895,0.000829759768179638,0.14177824428458052
68,563,9.076376554174068,0.0008012945960293932,0.13347612579667748
69,574,9.153310104529616,0.0008169504407120278,0.13265666818158864
70,535,9.433644859813084,0.0007614433550190503,0.13476635514018692
71,523,8.795411089866157,0.0007443642517289034,0.1238790294347346
72,496,10.046370967741936,0.0007059362693260728,0.13953293010752688
73,504,10.113095238095237,0.0007173223381861707,0.13853555120678407
74,511,10.567514677103718,0.0007272851484387564,0.14280425239329347
75,486,10.613168724279836,0.0006917036832509504,0.14150891632373114
76,453,9.116997792494482,0.0006447361492030463,0.11996049726966423
77,424,9.98820754716981,0.0006034616495851913,0.12971698113207547
78,468,9.626068376068377,0.00066608502831573,0.12341113302651764
79,390,10.402564102564103,0.000555070856929775,0.1316780266147355
80,413,9.4818401937046,0.0005878058049025566,0.1185230024213075
81,406,10.514778325123153,0.0005778429946499709,0.12981207808794015
82,421,10.019002375296912,0.0005991918737626546,0.12218295579630381
83,389,10.51413881748072,0.0005536475983222627,0.12667637129494844
84,361,10.686980609418283,0.0005137963573119199,0.12722595963593195
85,372,10.793010752688172,0.0005294522019945546,0.1269765970904491
86,375,10.557333333333334,0.0005337219778170913,0.12275968992248062
87,382,10.952879581151832,0.000543684788069677,0.12589516759944636
88,331,9.96676737160121,0.00047109859908655265,0.11325872013183193
89,340,10.797058823529412,0.0004839079265541628,0.12131526768010575
90,340,11.623529411764705,0.0004839079265541628,0.1291503267973856
91,312,10.631410256410257,0.00044405668554381997,0.11682868413637645
92,339,11.47197640117994,0.00048248466794665056,0.12469539566499935
93,289,10.508650519031141,0.0004113217375710384,0.1129962421401198
94,306,13.068627450980392,0.00043551713389874654,0.13902795160617437
95,289,12.262975778546712,0.0004113217375710384,0.1290839555636496
96,287,12.003484320557492,0.0004084752203560139,0.1250362950058072
97,261,12.524904214559387,0.00037147049656069555,0.12912272386143697
98,285,12.470175438596492,0.00040562870314098944,0.1272466881489438
99,260,13.065384615384616,0.00037004723795318334,0.13197358197358197
100,268,11.376865671641792,0.0003814333068132813,0.11376865671641792
101,251,12.231075697211155,0.00035723791048557316,0.12109975937832827
102,265,13.037735849056604,0.00037716353099074456,0.12782093969663338
103,250,11.6,0.0003558146518780609,0.11262135922330097
104,238,12.193277310924369,0.000338735548587914,0.11724305106658048
105,218,12.385321100917432,0.0003102703764376691,0.1179554390563565
106,258,12.15891472868217,0.00036720072073815886,0.1147067427234167
107,223,12.959641255605382,0.0003173866694752303,0.12111814257575124
108,227,12.066079295154186,0.00032307970390527927,0.11172295643661283
109,202,12.222772277227723,0.0002874982387174732,0.11213552547915341
110,202,12.435643564356436,0.0002874982387174732,0.11305130513051305
111,207,13.719806763285025,0.00029461453175503444,0.12360186273229752
112,221,13.48868778280543,0.00031454015226020583,0.12043471234647705
113,191,14.041884816753926,0.0002718423940348385,0.124264467404902
114,162,13.765432098765432,0.00023056789441698347,0.12074940437513537
115,181,13.408839779005525,0.00025760980795971606,0.1165986067739611
116,176,13.784090909090908,0.00025049351492215484,0.1188283699059561
117,153,15.248366013071895,0.00021775856694937327,0.13032791464164012
118,165,14.727272727272727,0.0002348376702395202,0.12480739599383667
119,174,14.275862068965518,0.00024764699770713037,0.11996522747029847
120,160,14.225,0.00022772137720195897,0.11854166666666667
121,178,12.337078651685394,0.0002533400321371794,0.10195932769987928
122,149,13.100671140939598,0.0002120655325193243,0.10738255033557048
123,140,12.514285714285714,0.0001992562050517141,0.10174216027874565
124,141,12.042553191489361,0.00020067946365922635,0.09711736444749484
125,139,12.057553956834532,0.00019783294644420185,0.09646043165467626
126,133,14.075187969924812,0.00018929339479912839,0.11170784103114931
127,134,16.03731343283582,0.00019071665340664065,0.1262780585262663
128,149,13.731543624161073,0.0002120655325193243,0.10727768456375839
129,143,17.181818181818183,0.00020352598087425083,0.1331923890063425
130,123,16.097560975609756,0.00017506080872400597,0.12382739212007504
131,123,15.536585365853659,0.00017506080872400597,0.11859988828895923
132,121,15.661157024793388,0.00017221429150898147,0.11864512897570749
133,128,15.921875,0.0001821771017615672,0.11971334586466166
134,104,17.278846153846153,0.00014801889518127332,0.12894661308840413
135,121,17.198347107438018,0.00017221429150898147,0.12739516375880014
136,104,15.846153846153847,0.00014801889518127332,0.1165158371040724
137,123,16.504065040650406,0.00017506080872400597,0.12046762803394458
138,112,15.803571428571429,0.0001594049640413713,0.11451863354037267
139,116,17.56896551724138,0.00016509799847142024,0.12639543537583728
140,83,18.903614457831324,0.00011813046442351621,0.13502581755593804
141,108,19.166666666666668,0.0001537119296113223,0.1359338061465721
142,94,15.712765957446809,0.0001337863091061509,0.11065328139047048
143,73,18.068493150684933,0.00010389787834839379,0.12635309895583868
144,96,19.739583333333332,0.0001366328263211754,0.1370804398148148
145,106,15.820754716981131,0.00015086541239629783,0.10910865322055953
146,76,17.657894736842106,0.00010816765417093052,0.12094448449891854
147,79,15.49367088607595,0.00011243742999346725,0.10539912167398606
148,105,17.761904761904763,0.00014944215378878556,0.12001287001287002
149,86,17.53488372093023,0.00012240024024605294,0.11768378336194786
150,81,14.716049382716049,0.00011528394720849174,0.09810699588477366
151,93,16.72043010752688,0.00013236305049863864,0.1107313252154098
152,88,18.943181818181817,0.00012524675746107742,0.1246261961722488
153,89,18.629213483146067,0.0001266700160685897,0.1217595652493207
154,65,22.584615384615386,9.251180948829583e-05,0.14665334665334667
155,76,17.05263157894737,0.00010816765417093052,0.11001697792869271
156,77,23.948051948051948,0.00010959091277844275,0.1535131535131535
157,74,16.31081081081081,0.00010532113695590602,0.10389051471854019
158,65,20.276923076923076,9.251180948829583e-05,0.12833495618305743
159,50,19.5,7.116293037561218e-05,0.12264150943396226
160,71,21.788732394366196,0.0001010513611333693,0.13617957746478873
161,69,17.27536231884058,9.82048439183448e-05,0.10730038707354396
162,55,19.563636363636363,7.827922341317339e-05,0.12076318742985409
163,64,21.421875,9.10885508807836e-05,0.13142254601226994
164,54,18.037037037037038,7.685596480566115e-05,0.10998193315266487
165,65,18.153846153846153,9.251180948829583e-05,0.11002331002331002
166,54,18.833333333333332,7.685596480566115e-05,0.11345381526104417
167,53,19.132075471698112,7.543270619814891e-05,0.114563326177833
168,61,25.83606557377049,8.681877505824685e-05,0.15378610460577674
169,47,15.25531914893617,6.689315455307545e-05,0.09026816064459273
170,52,21.53846153846154,7.400944759063666e-05,0.12669683257918554
171,48,18.75,6.83164131605877e-05,0.10964912280701754
172,46,20.73913043478261,6.54698959455632e-05,0.1205763397371082
173,44,22.431818181818183,6.262337873053871e-05,0.12966368891224384
174,52,19.884615384615383,7.400944759063666e-05,0.11427939876215737
175,44,18.15909090909091,6.262337873053871e-05,0.10376623376623377
176,53,24.943396226415093,7.543270619814891e-05,0.1417238421955403
177,55,21.09090909090909,7.827922341317339e-05,0.11915767847971237
178,40,19.475,5.693034430048974e-05,0.10941011235955057
179,48,19.916666666666668,6.83164131605877e-05,0.11126629422718809
180,34,16.058823529411764,4.839079265541628e-05,0.0892156862745098
181,41,19.414634146341463,5.835360290800199e-05,0.1072631720792346
182,33,22.272727272727273,4.6967534047904037e-05,0.12237762237762238
183,38,20.86842105263158,5.408382708546526e-05,0.11403508771929824
184,42,22.80952380952381,5.977686151551423e-05,0.1239648033126294
185,43,24.0,6.120012012302647e-05,0.12972972972972974
186,39,20.641025641025642,5.5507085692977497e-05,0.11097325613454646
187,27,19.185185185185187,3.842798240283058e-05,0.10259457318280849
188,42,22.571428571428573,5.977686151551423e-05,0.12006079027355623
189,43,30.348837209302324,6.120012012302647e-05,0.16057585825027684
190,37,24.513513513513512,5.266056847795301e-05,0.12901849217638692
191,33,28.696969696969695,4.6967534047904037e-05,0.1502459146438204
192,24,19.375,3.415820658029385e-05,0.10091145833333333
193,25,18.24,3.558146518780609e-05,0.09450777202072538
194,31,21.516129032258064,4.412101683287955e-05,0.11090788160957765
195,25,37.04,3.558146518780609e-05,0.18994871794871795
196,37,22.054054054054053,5.266056847795301e-05,0.11252068394925537
197,29,23.17241379310345,4.127449961785506e-05,0.11762646595483985
198,30,30.266666666666666,4.269775822536731e-05,0.15286195286195287
199,30,32.9,4.269775822536731e-05,0.16532663316582913
200,26,22.192307692307693,3.700472379531833e-05,0.11096153846153847
201,31,20.387096774193548,4.412101683287955e-05,0.10142834216016691
202,13,33.84615384615385,1.8502361897659166e-05,0.16755521706016757
203,29,41.172413793103445,4.127449961785506e-05,0.20281977237981993
204,23,31.17391304347826,3.27349479727816e-05,0.15281329923273657
205,24,17.916666666666668,3.415820658029385e-05,0.08739837398373984
206,26,43.07692307692308,3.700472379531833e-05,0.20911127707244215
207,17,32.11764705882353,2.419539632770814e-05,0.15515771526001704
208,25,23.36,3.558146518780609e-05,0.1123076923076923
209,19,37.94736842105263,2.704191354273263e-05,0.18156635608159152
210,19,31.105263157894736,2.704191354273263e-05,0.1481203007518797
211,20,24.65,2.846517215024487e-05,0.11682464454976303
212,21,21.476190476190474,2.9888430757757117e-05,0.1013027852650494
213,18,26.833333333333332,2.5618654935220383e-05,0.12597809076682315
214,20,33.15,2.846517215024487e-05,0.15490654205607476
215,16,25.6875,2.27721377201959e-05,0.11947674418604651
216,23,35.04347826086956,3.27349479727816e-05,0.16223832528180354
217,23,26.695652173913043,3.27349479727816e-05,0.12302143858946103
218,19,41.89473684210526,2.704191354273263e-05,0.19217769193626266
219,20,20.55,2.846517215024487e-05,0.09383561643835617
220,19,31.736842105263158,2.704191354273263e-05,0.1442583732057416
221,13,15.461538461538462,1.8502361897659166e-05,0.06996171249564914
222,14,39.57142857142857,1.992562050517141e-05,0.17824967824967825
223,21,29.61904761904762,2.9888430757757117e-05,0.1328208413410207
224,20,35.2,2.846517215024487e-05,0.15714285714285717
225,23,28.52173913043478,3.27349479727816e-05,0.12676328502415457
226,19,21.31578947368421,2.704191354273263e-05,0.09431765253842571
227,23,30.47826086956522,3.27349479727816e-05,0.13426546638574985
228,23,28.47826086956522,3.27349479727816e-05,0.12490465293668955
229,12,40.416666666666664,1.7079103290146923e-05,0.17649199417758368
230,18,31.88888888888889,2.5618654935220383e-05,0.1386473429951691
231,17,35.705882352941174,2.419539632770814e-05,0.1545709192768016
232,22,31.681818181818183,3.1311689365269355e-05,0.13655956112852666
233,13,32.30769230769231,1.8502361897659166e-05,0.13865962363816442
234,15,46.86666666666667,2.1348879112683653e-05,0.20028490028490029
235,14,34.785714285714285,1.992562050517141e-05,0.1480243161094225
236,19,35.63157894736842,2.704191354273263e-05,0.15098126672613738
237,13,57.0,1.8502361897659166e-05,0.24050632911392406
238,16,33.25,2.27721377201959e-05,0.13970588235294118
239,15,31.933333333333334,2.1348879112683653e-05,0.13361227336122733
240,19,36.578947368421055,2.704191354273263e-05,0.1524122807017544
241,10,23.6,1.4232586075122436e-05,0.0979253112033195
242,16,39.875,2.27721377201959e-05,0.16477272727272727
243,9,25.22222222222222,1.2809327467610192e-05,0.10379515317786922
244,15,37.06666666666667,2.1348879112683653e-05,0.15191256830601094
245,9,33.44444444444444,1.2809327467610192e-05,0.1365079365079365
246,13,25.384615384615383,1.8502361897659166e-05,0.10318949343339587
247,13,39.07692307692308,1.8502361897659166e-05,0.1582061663033323
248,9,27.22222222222222,1.2809327467610192e-05,0.10976702508960573
249,8,67.375,1.138606886009795e-05,0.27058232931726905
250,8,43.875,1.138606886009795e-05,0.1755
251,8,39.25,1.138606886009795e-05,0.15637450199203187
252,8,58.25,1.138606886009795e-05,0.23115079365079366
253,9,47.111111111111114,1.2809327467610192e-05,0.18620992534036013
254,9,30.22222222222222,1.2809327467610192e-05,0.1189851268591426
255,10,24.0,1.4232586075122436e-05,0.09411764705882353
256,13,31.76923076923077,1.8502361897659166e-05,0.1240985576923077
257,10,51.7,1.4232586075122436e-05,0.20116731517509728
258,9,47.77777777777778,1.2809327467610192e-05,0.18518518518518517
259,5,41.6,7.116293037561218e-06,0.16061776061776062
260,12,39.333333333333336,1.7079103290146923e-05,0.1512820512820513
261,9,38.55555555555556,1.2809327467610192e-05,0.14772243507875693
262,16,48.75,2.27721377201959e-05,0.18606870229007633
263,6,24.666666666666668,8.539551645073462e-06,0.09378960709759189
264,11,51.18181818181818,1.5655844682634678e-05,0.19387052341597796
265,11,37.81818181818182,1.5655844682634678e-05,0.14271012006861064
266,9,45.22222222222222,1.2809327467610192e-05,0.17000835421888053
267,8,23.125,1.138606886009795e-05,0.08661048689138577
268,5,32.4,7.116293037561218e-06,0.1208955223880597
269,6,45.0,8.539551645073462e-06,0.16728624535315986
270,4,65.25,5.693034430048975e-06,0.24166666666666667
271,10,28.9,1.4232586075122436e-05,0.1066420664206642
272,4,38.75,5.693034430048975e-06,0.14246323529411764
273,11,48.72727272727273,1.5655844682634678e-05,0.1784881784881785
274,10,27.5,1.4232586075122436e-05,0.10036496350364964
275,7,52.714285714285715,9.962810252585706e-06,0.19168831168831169
276,10,55.5,1.4232586075122436e-05,0.20108695652173914
277,5,50.8,7.116293037561218e-06,0.18339350180505415
278,5,36.0,7.116293037561218e-06,0.12949640287769784
279,7,44.857142857142854,9.962810252585706e-06,0.16077828981054787
280,10,30.0,1.4232586075122436e-05,0.10714285714285714
281,11,60.36363636363637,1.5655844682634678e-05,0.2148172112584924
282,9,25.444444444444443,1.2809327467610192e-05,0.09022852639873916
283,5,45.2,7.116293037561218e-06,0.15971731448763252
284,2,67.5,2.8465172150244874e-06,0.23767605633802816
285,7,31.857142857142858,9.962810252585706e-06,0.11177944862155388
286,3,77.33333333333333,4.269775822536731e-06,0.2703962703962704
287,5,52.2,7.116293037561218e-06,0.1818815331010453
288,5,56.0,7.116293037561218e-06,0.19444444444444445
289,8,42.0,1.138606886009795e-05,0.1453287197231834
290,7,73.85714285714286,9.962810252585706e-06,0.25467980295566506
291,7,68.57142857142857,9.962810252585706e-06,0.23564064801178203
292,6,61.666666666666664,8.539551645073462e-06,0.21118721461187215
293,5,51.4,7.116293037561218e-06,0.17542662116040955
294,7,52.285714285714285,9.962810252585706e-06,0.17784256559766765
295,6,55.666666666666664,8.539551645073462e-06,0.18870056497175142
296,6,35.5,8.539551645073462e-06,0.11993243243243243
297,8,42.375,1.138606886009795e-05,0.14267676767676768
298,7,56.57142857142857,9.962810252585706e-06,0.18983700862895492
299,7,63.285714285714285,9.962810252585706e-06,0.21165790731008122
300,8,31.625,1.138606886009795e-05,0.10541666666666667
301,6,62.0,8.539551645073462e-06,0.2059800664451827
302,3,36.0,4.269775822536731e-06,0.11920529801324503
303,4,38.25,5.693034430048975e-06,0.12623762376237624
304,4,38.0,5.693034430048975e-06,0.125
305,2,43.5,2.8465172150244874e-06,0.14262295081967213
306,3,33.666666666666664,4.269775822536731e-06,0.11002178649237472
307,6,37.0,8.539551645073462e-06,0.12052117263843648
308,3,48.666666666666664,4.269775822536731e-06,0.158008658008658
309,7,51.57142857142857,9.962810252585706e-06,0.16689782709200185
310,2,85.0,2.8465172150244874e-06,0.27419354838709675
311,3,29.666666666666668,4.269775822536731e-06,0.09539121114683816
312,2,47.5,2.8465172150244874e-06,0.15224358974358973
313,5,29.8,7.116293037561218e-06,0.09520766773162939
314,5,36.0,7.116293037561218e-06,0.11464968152866242
315,3,36.333333333333336,4.269775822536731e-06,0.11534391534391535
316,3,53.333333333333336,4.269775822536731e-06,0.1687763713080169
317,6,77.0,8.539551645073462e-06,0.24290220820189273
318,3,91.0,4.269775822536731e-06,0.2861635220125786
319,8,47.125,1.138606886009795e-05,0.14772727272727273
320,3,121.0,4.269775822536731e-06,0.378125
321,4,77.25,5.693034430048975e-06,0.24065420560747663
322,4,81.0,5.693034430048975e-06,0.2515527950310559
323,3,68.0,4.269775822536731e-06,0.21052631578947367
324,9,72.0,1.2809327467610192e-05,0.2222222222222222
325,2,38.5,2.8465172150244874e-06,0.11846153846153847
326,7,40.142857142857146,9.962810252585706e-06,0.1231375985977213
327,2,44.0,2.8465172150244874e-06,0.1345565749235474
328,6,57.666666666666664,8.539551645073462e-06,0.1758130081300813
329,1,86.0,1.4232586075122437e-06,0.2613981762917933
330,5,98.6,7.116293037561218e-06,0.29878787878787877
331,1,27.0,1.4232586075122437e-06,0.08157099697885196
332,2,177.5,2.8465172150244874e-06,0.5346385542168675
333,2,59.5,2.8465172150244874e-06,0.17867867867867868
334,2,61.5,2.8465172150244874e-06,0.18413173652694612
335,2,47.5,2.8465172150244874e-06,0.1417910447761194
336,3,78.33333333333333,4.269775822536731e-06,0.2331349206349206
337,3,55.333333333333336,4.269775822536731e-06,0.1641938674579624
338,2,60.0,2.8465172150244874e-06,0.17751479289940827
339,1,78.0,1.4232586075122437e-06,0.23008849557522124
340,6,65.0,8.539551645073462e-06,0.19117647058823528
341,1,134.0,1.4232586075122437e-06,0.39296187683284456
342,2,53.0,2.8465172150244874e-06,0.15497076023391812
343,5,53.0,7.116293037561218e-06,0.15451895043731778
344,1,114.0,1.4232586075122437e-06,0.3313953488372093
345,3,65.0,4.269775822536731e-06,0.18840579710144928
346,5,166.0,7.116293037561218e-06,0.4797687861271676
347,3,128.0,4.269775822536731e-06,0.3688760806916426
348,2,28.0,2.8465172150244874e-06,0.08045977011494253
349,2,71.0,2.8465172150244874e-06,0.2034383954154728
351,2,42.5,2.8465172150244874e-06,0.12108262108262108
352,2,45.0,2.8465172150244874e-06,0.1278409090909091
353,3,58.0,4.269775822536731e-06,0.1643059490084986
354,1,38.0,1.4232586075122437e-06,0.10734463276836158
355,3,58.333333333333336,4.269775822536731e-06,0.1643192488262911
356,2,71.5,2.8465172150244874e-06,0.20084269662921347
357,2,40.0,2.8465172150244874e-06,0.11204481792717087
358,2,53.5,2.8465172150244874e-06,0.1494413407821229
359,3,51.333333333333336,4.269775822536731e-06,0.14298978644382546
360,4,67.75,5.693034430048975e-06,0.18819444444444444
361,2,24.0,2.8465172150244874e-06,0.0664819944598338
362,4,60.5,5.693034430048975e-06,0.1671270718232044
363,2,31.5,2.8465172150244874e-06,0.08677685950413223
364,3,89.0,4.269775822536731e-06,0.2445054945054945
365,3,95.66666666666667,4.269775822536731e-06,0.26210045662100456
366,2,105.0,2.8465172150244874e-06,0.28688524590163933
367,4,76.75,5.693034430048975e-06,0.20912806539509537
368,4,142.0,5.693034430048975e-06,0.3858695652173913
369,1,49.0,1.4232586075122437e-06,0.13279132791327913
370,5,35.2,7.116293037561218e-06,0.09513513513513515
371,2,79.5,2.8465172150244874e-06,0.21428571428571427
372,1,69.0,1.4232586075122437e-06,0.18548387096774194
373,1,122.0,1.4232586075122437e-06,0.32707774798927614
374,3,74.33333333333333,4.269775822536731e-06,0.19875222816399285
375,2,58.5,2.8465172150244874e-06,0.156
376,1,128.0,1.4232586075122437e-06,0.3404255319148936
377,3,70.33333333333333,4.269775822536731e-06,0.1865605658709107
378,2,47.5,2.8465172150244874e-06,0.12566137566137567
379,1,132.0,1.4232586075122437e-06,0.3482849604221636
380,1,104.0,1.4232586075122437e-06,0.2736842105263158
382,1,61.0,1.4232586075122437e-06,0.15968586387434555
385,2,85.0,2.8465172150244874e-06,0.22077922077922077
386,3,166.0,4.269775822536731e-06,0.43005181347150256
387,2,192.5,2.8465172150244874e-06,0.4974160206718346
389,1,39.0,1.4232586075122437e-06,0.10025706940874037
390,3,77.66666666666667,4.269775822536731e-06,0.19914529914529916
391,2,38.5,2.8465172150244874e-06,0.09846547314578005
395,1,38.0,1.4232586075122437e-06,0.09620253164556962
396,3,62.0,4.269775822536731e-06,0.15656565656565657
397,1,26.0,1.4232586075122437e-06,0.0654911838790932
398,3,133.33333333333334,4.269775822536731e-06,0.33500837520938026
399,1,52.0,1.4232586075122437e-06,0.13032581453634084
400,2,92.5,2.8465172150244874e-06,0.23125
401,3,56.666666666666664,4.269775822536731e-06,0.14131338320864506
403,1,66.0,1.4232586075122437e-06,0.16377171215880892
405,1,60.0,1.4232586075122437e-06,0.14814814814814814
406,1,63.0,1.4232586075122437e-06,0.15517241379310345
407,1,70.0,1.4232586075122437e-06,0.171990171990172
408,1,71.0,1.4232586075122437e-06,0.17401960784313725
411,2,196.5,2.8465172150244874e-06,0.4781021897810219
414,2,81.0,2.8465172150244874e-06,0.1956521739130435
415,3,85.0,4.269775822536731e-06,0.20481927710843373
416,2,95.5,2.8465172150244874e-06,0.22956730769230768
417,1,332.0,1.4232586075122437e-06,0.7961630695443646
420,1,56.0,1.4232586075122437e-06,0.13333333333333333
423,1,66.0,1.4232586075122437e-06,0.15602836879432624
425,1,83.0,1.4232586075122437e-06,0.1952941176470588
427,2,88.0,2.8465172150244874e-06,0.20608899297423888
428,2,105.5,2.8465172150244874e-06,0.24649532710280375
429,1,268.0,1.4232586075122437e-06,0.6247086247086248
431,2,213.5,2.8465172150244874e-06,0.4953596287703016
432,2,84.0,2.8465172150244874e-06,0.19444444444444445
433,1,223.0,1.4232586075122437e-06,0.5150115473441108
434,1,84.0,1.4232586075122437e-06,0.1935483870967742
435,1,200.0,1.4232586075122437e-06,0.45977011494252873
437,1,63.0,1.4232586075122437e-06,0.14416475972540047
440,1,75.0,1.4232586075122437e-06,0.17045454545454544
441,1,76.0,1.4232586075122437e-06,0.17233560090702948
444,1,110.0,1.4232586075122437e-06,0.24774774774774774
445,1,42.0,1.4232586075122437e-06,0.09438202247191012
446,1,78.0,1.4232586075122437e-06,0.17488789237668162
447,1,89.0,1.4232586075122437e-06,0.19910514541387025
448,1,102.0,1.4232586075122437e-06,0.22767857142857142
450,1,77.0,1.4232586075122437e-06,0.1711111111111111
451,1,65.0,1.4232586075122437e-06,0.14412416851441243
457,1,53.0,1.4232586075122437e-06,0.11597374179431072
458,1,122.0,1.4232586075122437e-06,0.2663755458515284
459,1,288.0,1.4232586075122437e-06,0.6274509803921569
460,2,124.5,2.8465172150244874e-06,0.27065217391304347
466,1,43.0,1.4232586075122437e-06,0.09227467811158799
472,1,72.0,1.4232586075122437e-06,0.15254237288135594
479,1,82.0,1.4232586075122437e-06,0.17118997912317327
482,1,91.0,1.4232586075122437e-06,0.1887966804979253
484,2,100.5,2.8465172150244874e-06,0.20764462809917356
494,1,163.0,1.4232586075122437e-06,0.3299595141700405
499,1,96.0,1.4232586075122437e-06,0.19238476953907815
500,1,75.0,1.4232586075122437e-06,0.15
509,1,465.0,1.4232586075122437e-06,0.9135559921414538
510,2,69.5,2.8465172150244874e-06,0.13627450980392156
520,1,99.0,1.4232586075122437e-06,0.19038461538461537
521,1,57.0,1.4232586075122437e-06,0.10940499040307101
525,1,69.0,1.4232586075122437e-06,0.13142857142857142
528,1,146.0,1.4232586075122437e-06,0.2765151515151515
531,1,83.0,1.4232586075122437e-06,0.15630885122410546
532,1,54.0,1.4232586075122437e-06,0.10150375939849623
534,1,150.0,1.4232586075122437e-06,0.2808988764044944
547,1,466.0,1.4232586075122437e-06,0.8519195612431444
548,1,88.0,1.4232586075122437e-06,0.16058394160583941
549,1,124.0,1.4232586075122437e-06,0.22586520947176686
551,1,122.0,1.4232586075122437e-06,0.22141560798548093
552,1,118.0,1.4232586075122437e-06,0.213768115942029
561,1,73.0,1.4232586075122437e-06,0.13012477718360071
568,1,111.0,1.4232586075122437e-06,0.1954225352112676
574,1,77.0,1.4232586075122437e-06,0.13414634146341464
587,1,175.0,1.4232586075122437e-06,0.2981260647359455
603,1,106.0,1.4232586075122437e-06,0.175787728026534
609,1,111.0,1.4232586075122437e-06,0.18226600985221675
623,1,111.0,1.4232586075122437e-06,0.1781701444622793
625,1,118.0,1.4232586075122437e-06,0.1888
641,1,549.0,1.4232586075122437e-06,0.8564742589703588
650,1,150.0,1.4232586075122437e-06,0.23076923076923078
671,1,119.0,1.4232586075122437e-06,0.17734724292101342
693,1,459.0,1.4232586075122437e-06,0.6623376623376623
700,1,179.0,1.4232586075122437e-06,0.2557142857142857
719,1,185.0,1.4232586075122437e-06,0.2573018080667594
760,1,182.0,1.4232586075122437e-06,0.2394736842105263
798,1,219.0,1.4232586075122437e-06,0.2744360902255639
805,1,672.0,1.4232586075122437e-06,0.8347826086956521
812,1,303.0,1.4232586075122437e-06,0.3731527093596059
